"FullName","Name","Length","LastWriteTime"
"C:\Users\jep_edmundrulz\litigation-360-workspace\litigation-360-software-POLLUTED-ARCHIVE-CUTOVER-V4\_L360_CONTROL\PHASE-12-1A-UI-DEADLINE-STANDARDIZATION\TOOLS\Find-L360-Ui-Files.ps1","Find-L360-Ui-Files.ps1","1396","23/6/2026 7:31:39 PM"
"C:\Users\jep_edmundrulz\litigation-360-workspace\litigation-360-software-POLLUTED-ARCHIVE-CUTOVER-V4\_L360_CONTROL\PHASE-12-1A-UI-DEADLINE-STANDARDIZATION\TOOLS\Run-L360-Preflight-Checks.ps1","Run-L360-Preflight-Checks.ps1","2121","23/6/2026 7:31:39 PM"
"C:\Users\jep_edmundrulz\litigation-360-workspace\litigation-360-software-POLLUTED-ARCHIVE-CUTOVER-V4\_L360_CONTROL\PHASE-12-1A-UI-DEADLINE-STANDARDIZATION\TOOLS\Start-L360-Live-Monitor.ps1","Start-L360-Live-Monitor.ps1","1835","23/6/2026 7:31:39 PM"
"C:\Users\jep_edmundrulz\litigation-360-workspace\litigation-360-software-POLLUTED-ARCHIVE-CUTOVER-V4\_L360_CONTROL\PHASE-12-1A-UI-DEADLINE-STANDARDIZATION\TOOLS\Update-L360-Progress.ps1","Update-L360-Progress.ps1","1600","23/6/2026 7:31:39 PM"
"C:\Users\jep_edmundrulz\litigation-360-workspace\litigation-360-software-POLLUTED-ARCHIVE-CUTOVER-V4\_L360_CONTROL\PHASE-12-1B-DOCUMENTS-CONTROL-CENTRE\TOOLS\Backup-L360-Documents-Frontend-Files.ps1","Backup-L360-Documents-Frontend-Files.ps1","1066","23/6/2026 9:27:36 PM"
"C:\Users\jep_edmundrulz\litigation-360-workspace\litigation-360-software-POLLUTED-ARCHIVE-CUTOVER-V4\_L360_CONTROL\PHASE-12-1B-DOCUMENTS-CONTROL-CENTRE\TOOLS\Find-L360-Documents-Files.ps1","Find-L360-Documents-Files.ps1","1827","23/6/2026 9:27:36 PM"
"C:\Users\jep_edmundrulz\litigation-360-workspace\litigation-360-software-POLLUTED-ARCHIVE-CUTOVER-V4\_L360_CONTROL\PHASE-12-1B-DOCUMENTS-CONTROL-CENTRE\TOOLS\Open-L360-Documents-Visual-Prototype.ps1","Open-L360-Documents-Visual-Prototype.ps1","4960","23/6/2026 9:27:36 PM"
"C:\Users\jep_edmundrulz\litigation-360-workspace\litigation-360-software-POLLUTED-ARCHIVE-CUTOVER-V4\_L360_CONTROL\PHASE-12-1B-DOCUMENTS-CONTROL-CENTRE\TOOLS\Run-L360-Documents-Preflight.ps1","Run-L360-Documents-Preflight.ps1","1258","23/6/2026 9:27:36 PM"
"C:\Users\jep_edmundrulz\litigation-360-workspace\litigation-360-software-POLLUTED-ARCHIVE-CUTOVER-V4\_L360_CONTROL\PHASE-12-1B-DOCUMENTS-CONTROL-CENTRE\TOOLS\Start-L360-Documents-Live-Monitor.ps1","Start-L360-Documents-Live-Monitor.ps1","1235","23/6/2026 9:27:36 PM"
"C:\Users\jep_edmundrulz\litigation-360-workspace\litigation-360-software-POLLUTED-ARCHIVE-CUTOVER-V4\_L360_CONTROL\PHASE-12-1B-DOCUMENTS-CONTROL-CENTRE\TOOLS\Update-L360-Documents-Progress.ps1","Update-L360-Documents-Progress.ps1","1036","23/6/2026 9:27:36 PM"
"C:\Users\jep_edmundrulz\litigation-360-workspace\litigation-360-software-POLLUTED-ARCHIVE-CUTOVER-V4\_L360_CONTROL\PHASE-12-2A-DAILY-USER-SURFACE-BLUEPRINT\TOOLS\Open-L360-12-2A-Dashboard.ps1","Open-L360-12-2A-Dashboard.ps1","305","24/6/2026 8:55:08 AM"
"C:\Users\jep_edmundrulz\litigation-360-workspace\litigation-360-software-POLLUTED-ARCHIVE-CUTOVER-V4\_L360_CONTROL\PHASE-12-2A-DAILY-USER-SURFACE-BLUEPRINT\TOOLS\Run-L360-12-2A-Preflight.ps1","Run-L360-12-2A-Preflight.ps1","1403","24/6/2026 8:55:08 AM"
"C:\Users\jep_edmundrulz\litigation-360-workspace\litigation-360-software-POLLUTED-ARCHIVE-CUTOVER-V4\_L360_CONTROL\PHASE-12-2A-DAILY-USER-SURFACE-BLUEPRINT\TOOLS\Start-L360-12-2A-Live-Monitor.ps1","Start-L360-12-2A-Live-Monitor.ps1","2181","24/6/2026 8:55:08 AM"
"C:\Users\jep_edmundrulz\litigation-360-workspace\litigation-360-software-POLLUTED-ARCHIVE-CUTOVER-V4\_L360_CONTROL\PHASE-12-2A-DAILY-USER-SURFACE-BLUEPRINT\TOOLS\Update-L360-12-2A-Progress.ps1","Update-L360-12-2A-Progress.ps1","1120","24/6/2026 8:55:08 AM"
"C:\Users\jep_edmundrulz\litigation-360-workspace\litigation-360-software-POLLUTED-ARCHIVE-CUTOVER-V4\_L360_CONTROL\PHASE-12-2B-GITHUB-COPILOT-CONTROL-TOWER\TOOLS\Open-L360-12-2B-Copilot-Dashboard.ps1","Open-L360-12-2B-Copilot-Dashboard.ps1","305","24/6/2026 9:00:43 AM"
"C:\Users\jep_edmundrulz\litigation-360-workspace\litigation-360-software-POLLUTED-ARCHIVE-CUTOVER-V4\_L360_CONTROL\PHASE-12-2B-GITHUB-COPILOT-CONTROL-TOWER\TOOLS\Run-L360-12-2B-Copilot-Preflight.ps1","Run-L360-12-2B-Copilot-Preflight.ps1","2584","24/6/2026 9:00:43 AM"
"C:\Users\jep_edmundrulz\litigation-360-workspace\litigation-360-software-POLLUTED-ARCHIVE-CUTOVER-V4\_L360_CONTROL\PHASE-12-2B-GITHUB-COPILOT-CONTROL-TOWER\TOOLS\Start-L360-12-2B-Copilot-Live-Monitor.ps1","Start-L360-12-2B-Copilot-Live-Monitor.ps1","3161","24/6/2026 9:00:43 AM"
"C:\Users\jep_edmundrulz\litigation-360-workspace\litigation-360-software-POLLUTED-ARCHIVE-CUTOVER-V4\_L360_CONTROL\PHASE-12-2B-GITHUB-COPILOT-CONTROL-TOWER\TOOLS\Update-L360-12-2B-Copilot-Progress.ps1","Update-L360-12-2B-Copilot-Progress.ps1","1138","24/6/2026 9:00:43 AM"
"C:\Users\jep_edmundrulz\litigation-360-workspace\litigation-360-software-POLLUTED-ARCHIVE-CUTOVER-V4\_L360_CONTROL\PHASE-13B-NAVIGATION-OPERATIONAL-STATUS\scripts\PHASE_13B_01_PREFLIGHT_AUDIT.ps1","PHASE_13B_01_PREFLIGHT_AUDIT.ps1","4568","24/6/2026 2:51:58 PM"
"C:\Users\jep_edmundrulz\litigation-360-workspace\litigation-360-software-POLLUTED-ARCHIVE-CUTOVER-V4\_L360_CONTROL\PHASE-13B-NAVIGATION-OPERATIONAL-STATUS\scripts\PHASE_13B_02_FIND_NAV_FILES.ps1","PHASE_13B_02_FIND_NAV_FILES.ps1","3910","24/6/2026 3:02:34 PM"
"C:\Users\jep_edmundrulz\litigation-360-workspace\litigation-360-software-POLLUTED-ARCHIVE-CUTOVER-V4\_L360_CONTROL\PHASE-13B-NAVIGATION-OPERATIONAL-STATUS\scripts\PHASE_13B_03_BACKUP_FRONTEND_NAV.ps1","PHASE_13B_03_BACKUP_FRONTEND_NAV.ps1","2424","24/6/2026 2:51:58 PM"
"C:\Users\jep_edmundrulz\litigation-360-workspace\litigation-360-software-POLLUTED-ARCHIVE-CUTOVER-V4\_L360_CONTROL\PHASE-13B-NAVIGATION-OPERATIONAL-STATUS\scripts\PHASE_13B_04_MONITOR_PROGRESS.ps1","PHASE_13B_04_MONITOR_PROGRESS.ps1","3902","24/6/2026 2:51:58 PM"
"C:\Users\jep_edmundrulz\litigation-360-workspace\litigation-360-software-POLLUTED-ARCHIVE-CUTOVER-V4\_L360_CONTROL\PHASE-13B-NAVIGATION-OPERATIONAL-STATUS\scripts\PHASE_13B_05_VERIFY_AFTER_PATCH.ps1","PHASE_13B_05_VERIFY_AFTER_PATCH.ps1","7294","24/6/2026 3:05:18 PM"
"C:\Users\jep_edmundrulz\litigation-360-workspace\litigation-360-software-POLLUTED-ARCHIVE-CUTOVER-V4\_L360_CONTROL\PHASE-13B-NAVIGATION-OPERATIONAL-STATUS\scripts\PHASE_13B_06_ROLLBACK_FROM_BACKUP.ps1","PHASE_13B_06_ROLLBACK_FROM_BACKUP.ps1","1916","24/6/2026 2:51:58 PM"
"C:\Users\jep_edmundrulz\litigation-360-workspace\litigation-360-software-POLLUTED-ARCHIVE-CUTOVER-V4\_L360_CONTROL\PHASE-13C-REPO-CLEANUP\QUARANTINE_SAFE_MOVED_FILES\20260624_154908\CLIENT-PROFILE-V8-3-EMERGENCY-SYNTAX-REPAIR.ps1","CLIENT-PROFILE-V8-3-EMERGENCY-SYNTAX-REPAIR.ps1","12943","22/6/2026 1:53:39 PM"
"C:\Users\jep_edmundrulz\litigation-360-workspace\litigation-360-software-POLLUTED-ARCHIVE-CUTOVER-V4\_L360_CONTROL\PHASE-13C-REPO-CLEANUP\QUARANTINE_SAFE_MOVED_FILES\20260624_154908\CLIENT-PROFILE-V8-4-FIELDLABEL-SYNTAX-REPAIR.ps1","CLIENT-PROFILE-V8-4-FIELDLABEL-SYNTAX-REPAIR.ps1","7949","22/6/2026 2:09:30 PM"
"C:\Users\jep_edmundrulz\litigation-360-workspace\litigation-360-software-POLLUTED-ARCHIVE-CUTOVER-V4\_L360_CONTROL\PHASE-13C-REPO-CLEANUP\QUARANTINE_SAFE_MOVED_FILES\20260624_154908\L360_PHASE13B_DIRTY_BASELINE_SAFE_VERIFY_AND_NEXT_STEP.BACKUP_BEFORE_PATH_FIX.ps1","L360_PHASE13B_DIRTY_BASELINE_SAFE_VERIFY_AND_NEXT_STEP.BACKUP_BEFORE_PATH_FIX.ps1","19424","24/6/2026 3:11:04 PM"
"C:\Users\jep_edmundrulz\litigation-360-workspace\litigation-360-software-POLLUTED-ARCHIVE-CUTOVER-V4\_L360_CONTROL\PHASE-13C-REPO-CLEANUP\QUARANTINE_SAFE_MOVED_FILES\20260624_154908\L360_PHASE13B_DIRTY_BASELINE_SAFE_VERIFY_AND_NEXT_STEP.ps1","L360_PHASE13B_DIRTY_BASELINE_SAFE_VERIFY_AND_NEXT_STEP.ps1","20625","24/6/2026 3:28:18 PM"
"C:\Users\jep_edmundrulz\litigation-360-workspace\litigation-360-software-POLLUTED-ARCHIVE-CUTOVER-V4\_L360_CONTROL\PHASE-13C-REPO-CLEANUP\QUARANTINE_SAFE_MOVED_FILES\20260624_154908\L360_PHASE13B_FINAL_VERIFY_ONLY_FIX.ps1","L360_PHASE13B_FINAL_VERIFY_ONLY_FIX.ps1","10860","24/6/2026 3:05:02 PM"
"C:\Users\jep_edmundrulz\litigation-360-workspace\litigation-360-software-POLLUTED-ARCHIVE-CUTOVER-V4\_L360_CONTROL\PHASE-13C-REPO-CLEANUP\QUARANTINE_SAFE_MOVED_FILES\20260624_154908\L360_PHASE13B_HARD_REPAIR_R_PATCH.ps1","L360_PHASE13B_HARD_REPAIR_R_PATCH.ps1","16138","24/6/2026 3:01:49 PM"
"C:\Users\jep_edmundrulz\litigation-360-workspace\litigation-360-software-POLLUTED-ARCHIVE-CUTOVER-V4\_L360_CONTROL\PHASE-13C-REPO-CLEANUP\QUARANTINE_SAFE_MOVED_FILES\20260624_154908\PHASE12_0E_DISCOVERY_PERFORMANCE_REPAIR_V4.ps1","PHASE12_0E_DISCOVERY_PERFORMANCE_REPAIR_V4.ps1","23067","23/6/2026 9:55:46 AM"
"C:\Users\jep_edmundrulz\litigation-360-workspace\litigation-360-software-POLLUTED-ARCHIVE-CUTOVER-V4\_L360_CONTROL\PHASE-13C-REPO-CLEANUP\QUARANTINE_SAFE_MOVED_FILES\20260624_154908\PHASE12_0E_REPAIR_DISCOVERY_CORE_V3.ps1","PHASE12_0E_REPAIR_DISCOVERY_CORE_V3.ps1","30366","23/6/2026 9:51:25 AM"
"C:\Users\jep_edmundrulz\litigation-360-workspace\litigation-360-software-POLLUTED-ARCHIVE-CUTOVER-V4\_L360_CONTROL\PHASE-13C-REPO-CLEANUP\QUARANTINE_SAFE_MOVED_FILES\20260624_154908\PHASE12_0E_REPAIR_LIVE_MONITOR.ps1","PHASE12_0E_REPAIR_LIVE_MONITOR.ps1","5562","23/6/2026 9:46:14 AM"
"C:\Users\jep_edmundrulz\litigation-360-workspace\litigation-360-software-POLLUTED-ARCHIVE-CUTOVER-V4\_L360_CONTROL\PHASE-13C-REPO-CLEANUP\QUARANTINE_SAFE_MOVED_FILES\20260624_154908\SAFE_360_Ecosystem_Migration.cmd","SAFE_360_Ecosystem_Migration.cmd","7596","16/6/2026 11:13:43 AM"
"C:\Users\jep_edmundrulz\litigation-360-workspace\litigation-360-software-POLLUTED-ARCHIVE-CUTOVER-V4\_L360_CONTROL\PHASE-13C-REPO-CLEANUP-CONTROL-CENTRE\scripts\PHASE_13C_01_APPLY_VSCODE_CLEAN_VIEW.ps1","PHASE_13C_01_APPLY_VSCODE_CLEAN_VIEW.ps1","2008","24/6/2026 3:55:11 PM"
"C:\Users\jep_edmundrulz\litigation-360-workspace\litigation-360-software-POLLUTED-ARCHIVE-CUTOVER-V4\_L360_CONTROL\PHASE-13C-REPO-CLEANUP-CONTROL-CENTRE\scripts\PHASE_13C_02_SAFE_VACUUM.ps1","PHASE_13C_02_SAFE_VACUUM.ps1","8578","24/6/2026 3:55:11 PM"
"C:\Users\jep_edmundrulz\litigation-360-workspace\litigation-360-software-POLLUTED-ARCHIVE-CUTOVER-V4\_L360_CONTROL\PHASE-13C-REPO-CLEANUP-CONTROL-CENTRE\scripts\PHASE_13C_03_VERIFY_AFTER_VACUUM.ps1","PHASE_13C_03_VERIFY_AFTER_VACUUM.ps1","3592","24/6/2026 3:55:11 PM"
"C:\Users\jep_edmundrulz\litigation-360-workspace\litigation-360-software-POLLUTED-ARCHIVE-CUTOVER-V4\_L360_CONTROL\PHASE-13C-REPO-CLEANUP-CONTROL-CENTRE\scripts\PHASE_13C_04_LIVE_MONITOR.ps1","PHASE_13C_04_LIVE_MONITOR.ps1","1935","24/6/2026 3:55:11 PM"
"C:\Users\jep_edmundrulz\litigation-360-workspace\litigation-360-software-POLLUTED-ARCHIVE-CUTOVER-V4\_L360_CONTROL\PHASE-13C-REPO-CLEANUP-CONTROL-CENTRE\scripts\PHASE_13C_05_RESTORE_FROM_MANIFEST.ps1","PHASE_13C_05_RESTORE_FROM_MANIFEST.ps1","1001","24/6/2026 3:55:11 PM"
"C:\Users\jep_edmundrulz\litigation-360-workspace\litigation-360-software-POLLUTED-ARCHIVE-CUTOVER-V4\_LEOS_CONTROL\00_SSOT\PHASE12_NEXT_CURSOR_HANDOVER\07_AUTOMATION_SCRIPTS\RUN-SSOT-LIVE-MONITOR.cmd","RUN-SSOT-LIVE-MONITOR.cmd","173","23/6/2026 12:24:09 PM"
"C:\Users\jep_edmundrulz\litigation-360-workspace\litigation-360-software-POLLUTED-ARCHIVE-CUTOVER-V4\_LEOS_CONTROL\00_SSOT\PHASE12_NEXT_CURSOR_HANDOVER\07_AUTOMATION_SCRIPTS\RUN-SSOT-LIVE-MONITOR.ps1","RUN-SSOT-LIVE-MONITOR.ps1","3345","23/6/2026 12:24:08 PM"
"C:\Users\jep_edmundrulz\litigation-360-workspace\litigation-360-software-POLLUTED-ARCHIVE-CUTOVER-V4\_LEOS_CONTROL\00_SSOT\PHASE12_NEXT_CURSOR_HANDOVER\07_AUTOMATION_SCRIPTS\RUN-SSOT-VERIFY.cmd","RUN-SSOT-VERIFY.cmd","132","23/6/2026 12:24:08 PM"
"C:\Users\jep_edmundrulz\litigation-360-workspace\litigation-360-software-POLLUTED-ARCHIVE-CUTOVER-V4\_LEOS_CONTROL\00_SSOT\PHASE12_NEXT_CURSOR_HANDOVER\07_AUTOMATION_SCRIPTS\RUN-SSOT-VERIFY.ps1","RUN-SSOT-VERIFY.ps1","2812","24/6/2026 8:16:57 AM"
"C:\Users\jep_edmundrulz\litigation-360-workspace\litigation-360-software-POLLUTED-ARCHIVE-CUTOVER-V4\_LEOS_CONTROL\03_ROLLBACK\ROLLBACK-PHASE12.0D-B-R3-MATTER-DETAILS-UI-PATCH.ps1","ROLLBACK-PHASE12.0D-B-R3-MATTER-DETAILS-UI-PATCH.ps1","1386","23/6/2026 12:20:31 AM"
"C:\Users\jep_edmundrulz\litigation-360-workspace\litigation-360-software-POLLUTED-ARCHIVE-CUTOVER-V4\_LEOS_CONTROL\03_ROLLBACK\ROLLBACK-PHASE12.0D-C-R2-MATTER-DETAILS-RUNTIME-SAFETY.ps1","ROLLBACK-PHASE12.0D-C-R2-MATTER-DETAILS-RUNTIME-SAFETY.ps1","1331","23/6/2026 12:30:36 AM"
"C:\Users\jep_edmundrulz\litigation-360-workspace\litigation-360-software-POLLUTED-ARCHIVE-CUTOVER-V4\_LEOS_CONTROL\03_ROLLBACK\ROLLBACK-PHASE12.0D-E-MATTER-DETAILS-UI-LAYOUT-POLISH.ps1","ROLLBACK-PHASE12.0D-E-MATTER-DETAILS-UI-LAYOUT-POLISH.ps1","1313","23/6/2026 1:00:34 AM"
"C:\Users\jep_edmundrulz\litigation-360-workspace\litigation-360-software-POLLUTED-ARCHIVE-CUTOVER-V4\_LEOS_CONTROL\03_ROLLBACK\ROLLBACK-PHASE12.0D-MATTER-DETAILS-TARGET-FILES.ps1","ROLLBACK-PHASE12.0D-MATTER-DETAILS-TARGET-FILES.ps1","2381","22/6/2026 11:54:56 PM"
"C:\Users\jep_edmundrulz\litigation-360-workspace\litigation-360-software-POLLUTED-ARCHIVE-CUTOVER-V4\_LEOS_CONTROL\05_MONITORING\MATTER_DETAILS\RUN-MATTER-DETAILS-LIVE-MONITOR.ps1","RUN-MATTER-DETAILS-LIVE-MONITOR.ps1","6211","22/6/2026 10:33:53 PM"
"C:\Users\jep_edmundrulz\litigation-360-workspace\litigation-360-software-POLLUTED-ARCHIVE-CUTOVER-V4\_LEOS_CONTROL\PMO_TRACKING\11_ROLLBACK\ROLLBACK-PMO-TRACKING-SYSTEM.ps1","ROLLBACK-PMO-TRACKING-SYSTEM.ps1","1159","23/6/2026 12:18:44 PM"
"C:\Users\jep_edmundrulz\litigation-360-workspace\litigation-360-software-POLLUTED-ARCHIVE-CUTOVER-V4\_LEOS_CONTROL\PMO_TRACKING\scripts\00-MASTER-RUN-ALL.bat","00-MASTER-RUN-ALL.bat","504","23/6/2026 1:04:24 PM"
"C:\Users\jep_edmundrulz\litigation-360-workspace\litigation-360-software-POLLUTED-ARCHIVE-CUTOVER-V4\_LEOS_CONTROL\PMO_TRACKING\scripts\00-MASTER-RUN-ALL.ps1","00-MASTER-RUN-ALL.ps1","3960","23/6/2026 1:04:23 PM"
"C:\Users\jep_edmundrulz\litigation-360-workspace\litigation-360-software-POLLUTED-ARCHIVE-CUTOVER-V4\_LEOS_CONTROL\PMO_TRACKING\scripts\01-INIT-PMO-TRACKER.ps1","01-INIT-PMO-TRACKER.ps1","423","23/6/2026 12:18:44 PM"
"C:\Users\jep_edmundrulz\litigation-360-workspace\litigation-360-software-POLLUTED-ARCHIVE-CUTOVER-V4\_LEOS_CONTROL\PMO_TRACKING\scripts\02-ADD-PROGRESS-UPDATE.ps1","02-ADD-PROGRESS-UPDATE.ps1","2467","23/6/2026 12:18:44 PM"
"C:\Users\jep_edmundrulz\litigation-360-workspace\litigation-360-software-POLLUTED-ARCHIVE-CUTOVER-V4\_LEOS_CONTROL\PMO_TRACKING\scripts\03-GENERATE-STATUS-REPORT.ps1","03-GENERATE-STATUS-REPORT.ps1","4493","23/6/2026 12:18:44 PM"
"C:\Users\jep_edmundrulz\litigation-360-workspace\litigation-360-software-POLLUTED-ARCHIVE-CUTOVER-V4\_LEOS_CONTROL\PMO_TRACKING\scripts\04-HEALTH-CHECK.bat","04-HEALTH-CHECK.bat","128","23/6/2026 12:18:44 PM"
"C:\Users\jep_edmundrulz\litigation-360-workspace\litigation-360-software-POLLUTED-ARCHIVE-CUTOVER-V4\_LEOS_CONTROL\PMO_TRACKING\scripts\04-HEALTH-CHECK.ps1","04-HEALTH-CHECK.ps1","3154","23/6/2026 12:18:44 PM"
"C:\Users\jep_edmundrulz\litigation-360-workspace\litigation-360-software-POLLUTED-ARCHIVE-CUTOVER-V4\_LEOS_CONTROL\PMO_TRACKING\scripts\05-PERFORMANCE-MONITOR.ps1","05-PERFORMANCE-MONITOR.ps1","8100","23/6/2026 1:04:23 PM"
"C:\Users\jep_edmundrulz\litigation-360-workspace\litigation-360-software-POLLUTED-ARCHIVE-CUTOVER-V4\_LEOS_CONTROL\PMO_TRACKING\scripts\06-UPDATE-DASHBOARD.bat","06-UPDATE-DASHBOARD.bat","136","23/6/2026 12:18:44 PM"
"C:\Users\jep_edmundrulz\litigation-360-workspace\litigation-360-software-POLLUTED-ARCHIVE-CUTOVER-V4\_LEOS_CONTROL\PMO_TRACKING\scripts\06-UPDATE-DASHBOARD.ps1","06-UPDATE-DASHBOARD.ps1","4924","23/6/2026 12:18:44 PM"
"C:\Users\jep_edmundrulz\litigation-360-workspace\litigation-360-software-POLLUTED-ARCHIVE-CUTOVER-V4\_LEOS_CONTROL\PMO_TRACKING\scripts\07-REMINDER-CHECK.ps1","07-REMINDER-CHECK.ps1","1104","23/6/2026 12:18:44 PM"
"C:\Users\jep_edmundrulz\litigation-360-workspace\litigation-360-software-POLLUTED-ARCHIVE-CUTOVER-V4\_operations\phase-10Z1-alert-escalation-centre\CHECK-PHASE10Z1-ENDPOINTS.bat","CHECK-PHASE10Z1-ENDPOINTS.bat","342","19/6/2026 5:02:43 PM"
"C:\Users\jep_edmundrulz\litigation-360-workspace\litigation-360-software-POLLUTED-ARCHIVE-CUTOVER-V4\_operations\phase-10ZZ9-safe-change-autopilot\scripts\CHECK-SAFE-CHANGE-AUTOPILOT.ps1","CHECK-SAFE-CHANGE-AUTOPILOT.ps1","679","20/6/2026 3:01:53 PM"
"C:\Users\jep_edmundrulz\litigation-360-workspace\litigation-360-software-POLLUTED-ARCHIVE-CUTOVER-V4\_operations\phase-10ZZ9-safe-change-autopilot\scripts\CREATE-CHANGE-PACK.ps1","CREATE-CHANGE-PACK.ps1","2340","20/6/2026 3:01:53 PM"
"C:\Users\jep_edmundrulz\litigation-360-workspace\litigation-360-software-POLLUTED-ARCHIVE-CUTOVER-V4\_operations\phase-10ZZA-change-enforcement-engine\scripts\CREATE-SYSTEM-STATUS-REPORT.ps1","CREATE-SYSTEM-STATUS-REPORT.ps1","1357","20/6/2026 3:24:50 PM"
"C:\Users\jep_edmundrulz\litigation-360-workspace\litigation-360-software-POLLUTED-ARCHIVE-CUTOVER-V4\_operations\phase-10ZZA-change-enforcement-engine\scripts\RECORD-LAWYER-OVERRIDE.ps1","RECORD-LAWYER-OVERRIDE.ps1","847","20/6/2026 3:24:50 PM"
"C:\Users\jep_edmundrulz\litigation-360-workspace\litigation-360-software-POLLUTED-ARCHIVE-CUTOVER-V4\_operations\phase-10ZZA-change-enforcement-engine\scripts\VALIDATE-CHANGE-GATE.ps1","VALIDATE-CHANGE-GATE.ps1","1570","20/6/2026 3:24:50 PM"
"C:\Users\jep_edmundrulz\litigation-360-workspace\litigation-360-software-POLLUTED-ARCHIVE-CUTOVER-V4\_operations\phase-10ZZA-change-enforcement-engine\scripts\VERIFY-PHASE-10ZZA.ps1","VERIFY-PHASE-10ZZA.ps1","1658","20/6/2026 3:24:50 PM"
"C:\Users\jep_edmundrulz\litigation-360-workspace\litigation-360-software-POLLUTED-ARCHIVE-CUTOVER-V4\_operations\phase-10ZZA1-enterprise-verification-sweep\scripts\RUN-ENTERPRISE-VERIFICATION-SWEEP.ps1","RUN-ENTERPRISE-VERIFICATION-SWEEP.ps1","4884","20/6/2026 3:28:38 PM"
"C:\Users\jep_edmundrulz\litigation-360-workspace\litigation-360-software-POLLUTED-ARCHIVE-CUTOVER-V4\_operations\phase-10ZZA2-enterprise-operational-assurance\scripts\GENERATE-OPERATIONAL-ASSURANCE.ps1","GENERATE-OPERATIONAL-ASSURANCE.ps1","5912","20/6/2026 4:17:54 PM"
"C:\Users\jep_edmundrulz\litigation-360-workspace\litigation-360-software-POLLUTED-ARCHIVE-CUTOVER-V4\_operations\phase-10ZZA3-enterprise-automation-assurance\scripts\RUN-DAILY-HEALTH-AUDIT.ps1","RUN-DAILY-HEALTH-AUDIT.ps1","1898","20/6/2026 4:33:42 PM"
"C:\Users\jep_edmundrulz\litigation-360-workspace\litigation-360-software-POLLUTED-ARCHIVE-CUTOVER-V4\_operations\phase-10ZZA3-enterprise-automation-assurance\scripts\RUN-MONTHLY-ENTERPRISE-READINESS.ps1","RUN-MONTHLY-ENTERPRISE-READINESS.ps1","3361","20/6/2026 4:33:42 PM"
"C:\Users\jep_edmundrulz\litigation-360-workspace\litigation-360-software-POLLUTED-ARCHIVE-CUTOVER-V4\_operations\phase-10ZZA3-enterprise-automation-assurance\scripts\RUN-WEEKLY-GOVERNANCE-AUDIT.ps1","RUN-WEEKLY-GOVERNANCE-AUDIT.ps1","2380","20/6/2026 4:33:42 PM"
"C:\Users\jep_edmundrulz\litigation-360-workspace\litigation-360-software-POLLUTED-ARCHIVE-CUTOVER-V4\_operations\phase-10ZZA3-enterprise-automation-assurance\scripts\UPDATE-MASTER-PHASE-REGISTRY.ps1","UPDATE-MASTER-PHASE-REGISTRY.ps1","943","20/6/2026 4:33:42 PM"
"C:\Users\jep_edmundrulz\litigation-360-workspace\litigation-360-software-POLLUTED-ARCHIVE-CUTOVER-V4\_operations\phase-10ZZA3-enterprise-automation-assurance\scripts\VERIFY-PHASE-10ZZA3.ps1","VERIFY-PHASE-10ZZA3.ps1","1614","20/6/2026 4:33:42 PM"
"C:\Users\jep_edmundrulz\litigation-360-workspace\litigation-360-software-POLLUTED-ARCHIVE-CUTOVER-V4\_operations\phase-10ZZA4-enterprise-telemetry-live-command-centre\scripts\REFRESH-LIVE-COMMAND-CENTRE.ps1","REFRESH-LIVE-COMMAND-CENTRE.ps1","5522","21/6/2026 8:38:35 AM"
"C:\Users\jep_edmundrulz\litigation-360-workspace\litigation-360-software-POLLUTED-ARCHIVE-CUTOVER-V4\_operations\phase-10ZZA4-enterprise-telemetry-live-command-centre\scripts\VERIFY-PHASE-10ZZA4.ps1","VERIFY-PHASE-10ZZA4.ps1","1196","21/6/2026 8:38:38 AM"
"C:\Users\jep_edmundrulz\litigation-360-workspace\litigation-360-software-POLLUTED-ARCHIVE-CUTOVER-V4\_safe_scripts\PHASE13.0A-CLIENT-WORKSPACE-CLIENT-PROFILE-UI-SECTION-STANDARDISATION.ps1","PHASE13.0A-CLIENT-WORKSPACE-CLIENT-PROFILE-UI-SECTION-STANDARDISATION.ps1","33091","23/6/2026 11:13:49 AM"
"C:\Users\jep_edmundrulz\litigation-360-workspace\litigation-360-software-POLLUTED-ARCHIVE-CUTOVER-V4\_V1_INTAKE_CONVEYOR_DEPLOYMENT_20260621-212236\TESTS\TEST-INTAKE-CONVEYOR.ps1","TEST-INTAKE-CONVEYOR.ps1","1318","21/6/2026 9:48:24 PM"
"C:\Users\jep_edmundrulz\litigation-360-workspace\litigation-360-software-POLLUTED-ARCHIVE-CUTOVER-V4\backend\enterprise\database\phase-09-5\install-automation-bus-schema.bat","install-automation-bus-schema.bat","1253","18/6/2026 9:58:38 AM"
"C:\Users\jep_edmundrulz\litigation-360-workspace\litigation-360-software-POLLUTED-ARCHIVE-CUTOVER-V4\backend\deploy-phase-10A-handler-registry-V2-auto-root.bat","deploy-phase-10A-handler-registry-V2-auto-root.bat","15295","18/6/2026 5:22:50 PM"
"C:\Users\jep_edmundrulz\litigation-360-workspace\litigation-360-software-POLLUTED-ARCHIVE-CUTOVER-V4\backend\dev-safe.bat","dev-safe.bat","543","14/6/2026 5:29:26 PM"
"C:\Users\jep_edmundrulz\litigation-360-workspace\litigation-360-software-POLLUTED-ARCHIVE-CUTOVER-V4\backend\launch-dev.bat","launch-dev.bat","843","14/6/2026 4:28:50 PM"
"C:\Users\jep_edmundrulz\litigation-360-workspace\litigation-360-software-POLLUTED-ARCHIVE-CUTOVER-V4\backend\patch-shutdown.ps1","patch-shutdown.ps1","863","14/6/2026 2:43:54 PM"
"C:\Users\jep_edmundrulz\litigation-360-workspace\litigation-360-software-POLLUTED-ARCHIVE-CUTOVER-V4\backend\RUN-PHASE8A2.bat","RUN-PHASE8A2.bat","612","17/6/2026 4:47:51 PM"
"C:\Users\jep_edmundrulz\litigation-360-workspace\litigation-360-software-POLLUTED-ARCHIVE-CUTOVER-V4\backend\safe-rbac-patch-approved.ps1","safe-rbac-patch-approved.ps1","2080","14/6/2026 6:10:56 PM"
"C:\Users\jep_edmundrulz\litigation-360-workspace\litigation-360-software-POLLUTED-ARCHIVE-CUTOVER-V4\backend\start-safe.bat","start-safe.bat","416","14/6/2026 2:42:10 PM"
"C:\Users\jep_edmundrulz\litigation-360-workspace\litigation-360-software-POLLUTED-ARCHIVE-CUTOVER-V4\backup\launch-dev-admin-before-terminal-labels.bat","launch-dev-admin-before-terminal-labels.bat","919","14/6/2026 4:30:43 PM"
"C:\Users\jep_edmundrulz\litigation-360-workspace\litigation-360-software-POLLUTED-ARCHIVE-CUTOVER-V4\backup\START-L360-before-terminal-labels.bat","START-L360-before-terminal-labels.bat","817","14/6/2026 5:28:56 PM"
"C:\Users\jep_edmundrulz\litigation-360-workspace\litigation-360-software-POLLUTED-ARCHIVE-CUTOVER-V4\CLEANUP_QUARANTINE\launcher-confusion-cleanup\L360-COMMAND-CENTER.bat","L360-COMMAND-CENTER.bat","2281","17/6/2026 1:01:11 AM"
"C:\Users\jep_edmundrulz\litigation-360-workspace\litigation-360-software-POLLUTED-ARCHIVE-CUTOVER-V4\CLEANUP_QUARANTINE\launcher-confusion-cleanup\whereami-l360.bat","whereami-l360.bat","544","16/6/2026 8:34:11 PM"
"C:\Users\jep_edmundrulz\litigation-360-workspace\litigation-360-software-POLLUTED-ARCHIVE-CUTOVER-V4\CLEANUP_QUARANTINE\phase7-command-cleanup\dev-safe.bat","dev-safe.bat","180","14/6/2026 5:13:40 PM"
"C:\Users\jep_edmundrulz\litigation-360-workspace\litigation-360-software-POLLUTED-ARCHIVE-CUTOVER-V4\CLEANUP_QUARANTINE\phase7-command-cleanup\launch-dev-admin.bat","launch-dev-admin.bat","919","14/6/2026 4:30:43 PM"
"C:\Users\jep_edmundrulz\litigation-360-workspace\litigation-360-software-POLLUTED-ARCHIVE-CUTOVER-V4\CLEANUP_QUARANTINE\phase7-command-cleanup\START-L360.bat","START-L360.bat","1613","16/6/2026 8:33:25 PM"
"C:\Users\jep_edmundrulz\litigation-360-workspace\litigation-360-software-POLLUTED-ARCHIVE-CUTOVER-V4\enterprise\architecture\Phase10ZZ1_ArchitectureRecovery.ps1","Phase10ZZ1_ArchitectureRecovery.ps1","1732","20/6/2026 12:21:35 PM"
"C:\Users\jep_edmundrulz\litigation-360-workspace\litigation-360-software-POLLUTED-ARCHIVE-CUTOVER-V4\enterprise\architecture\ProductionRouteMap.ps1","ProductionRouteMap.ps1","725","20/6/2026 12:33:03 PM"
"C:\Users\jep_edmundrulz\litigation-360-workspace\litigation-360-software-POLLUTED-ARCHIVE-CUTOVER-V4\enterprise\governance\GenerateGovernanceManual.ps1","GenerateGovernanceManual.ps1","1005","20/6/2026 1:07:29 PM"
"C:\Users\jep_edmundrulz\litigation-360-workspace\litigation-360-software-POLLUTED-ARCHIVE-CUTOVER-V4\enterprise\inventory\AutomationInventory.ps1","AutomationInventory.ps1","617","20/6/2026 12:20:07 PM"
"C:\Users\jep_edmundrulz\litigation-360-workspace\litigation-360-software-POLLUTED-ARCHIVE-CUTOVER-V4\enterprise\inventory\DatabaseInventory.ps1","DatabaseInventory.ps1","623","20/6/2026 12:19:52 PM"
"C:\Users\jep_edmundrulz\litigation-360-workspace\litigation-360-software-POLLUTED-ARCHIVE-CUTOVER-V4\enterprise\inventory\Phase10ZZ_Discovery.ps1","Phase10ZZ_Discovery.ps1","969","20/6/2026 11:16:37 AM"
"C:\Users\jep_edmundrulz\litigation-360-workspace\litigation-360-software-POLLUTED-ARCHIVE-CUTOVER-V4\enterprise\inventory\RouteInventory.ps1","RouteInventory.ps1","521","20/6/2026 11:38:00 AM"
"C:\Users\jep_edmundrulz\litigation-360-workspace\litigation-360-software-POLLUTED-ARCHIVE-CUTOVER-V4\enterprise\operations\GenerateEnterpriseSOP.ps1","GenerateEnterpriseSOP.ps1","1905","20/6/2026 12:34:49 PM"
"C:\Users\jep_edmundrulz\litigation-360-workspace\litigation-360-software-POLLUTED-ARCHIVE-CUTOVER-V4\L360_AI_DEVELOPMENT_WORKFLOW\05_POWERSHELL_AUTOMATION\L360_LOCAL_VERIFY.ps1","L360_LOCAL_VERIFY.ps1","652","24/6/2026 3:09:44 PM"
"C:\Users\jep_edmundrulz\litigation-360-workspace\litigation-360-software-POLLUTED-ARCHIVE-CUTOVER-V4\LITIGATION360_LIVE_DASHBOARD\FIX_AND_START_DASHBOARD.bat","FIX_AND_START_DASHBOARD.bat","1629","18/6/2026 7:07:13 PM"
"C:\Users\jep_edmundrulz\litigation-360-workspace\litigation-360-software-POLLUTED-ARCHIVE-CUTOVER-V4\PHASE_10_FINAL_CLOSEOUT_PRE_PHASE11\08_SCRIPT_COMMANDS\RUN_PHASE10_FINAL_CLOSEOUT_VALIDATOR.bat","RUN_PHASE10_FINAL_CLOSEOUT_VALIDATOR.bat","2652","21/6/2026 5:02:43 PM"
"C:\Users\jep_edmundrulz\litigation-360-workspace\litigation-360-software-POLLUTED-ARCHIVE-CUTOVER-V4\PHASE_10A_AI_KNOWLEDGE_LEGAL_INTELLIGENCE\07_COURT_PORTAL_HUB\OPEN_COURT_PORTALS.bat","OPEN_COURT_PORTALS.bat","264","18/6/2026 6:48:39 PM"
"C:\Users\jep_edmundrulz\litigation-360-workspace\litigation-360-software-POLLUTED-ARCHIVE-CUTOVER-V4\PHASE_10ZZZ1_REPOSITORY_GOVERNANCE_AUDIT\RUN_PHASE10ZZZ1_REPOSITORY_GOVERNANCE_AUDIT.bat","RUN_PHASE10ZZZ1_REPOSITORY_GOVERNANCE_AUDIT.bat","3902","21/6/2026 5:15:42 PM"
"C:\Users\jep_edmundrulz\litigation-360-workspace\litigation-360-software-POLLUTED-ARCHIVE-CUTOVER-V4\PHASE-12.0K-LEGAL-INTERFACE-UI-PROTOTYPE-PACK\PHASE-12.0K-LEGAL-INTERFACE-UI-PROTOTYPE-PACK.ps1","PHASE-12.0K-LEGAL-INTERFACE-UI-PROTOTYPE-PACK.ps1","23106","22/6/2026 10:11:51 AM"
"C:\Users\jep_edmundrulz\litigation-360-workspace\litigation-360-software-POLLUTED-ARCHIVE-CUTOVER-V4\phase-scripts\phase10\L360-PHASE10A-HANDLER-REGISTRY-FINISHER.ps1","L360-PHASE10A-HANDLER-REGISTRY-FINISHER.ps1","11692","18/6/2026 6:13:59 PM"
"C:\Users\jep_edmundrulz\litigation-360-workspace\litigation-360-software-POLLUTED-ARCHIVE-CUTOVER-V4\phase-scripts\phase10\L360-PHASE10B-UNIVERSAL-EVENT-BUS.ps1","L360-PHASE10B-UNIVERSAL-EVENT-BUS.ps1","12052","18/6/2026 6:41:34 PM"
"C:\Users\jep_edmundrulz\litigation-360-workspace\litigation-360-software-POLLUTED-ARCHIVE-CUTOVER-V4\phase-scripts\phase10\L360-PHASE10C-NOTIFICATION-FRAMEWORK.ps1","L360-PHASE10C-NOTIFICATION-FRAMEWORK.ps1","14845","18/6/2026 6:59:12 PM"
"C:\Users\jep_edmundrulz\litigation-360-workspace\litigation-360-software-POLLUTED-ARCHIVE-CUTOVER-V4\phase-scripts\phase10\L360-PHASE10D-WORKFLOW-AUTOMATION-ENGINE.ps1","L360-PHASE10D-WORKFLOW-AUTOMATION-ENGINE.ps1","19998","18/6/2026 7:13:27 PM"
"C:\Users\jep_edmundrulz\litigation-360-workspace\litigation-360-software-POLLUTED-ARCHIVE-CUTOVER-V4\phase-scripts\phase10\L360-PHASE10E-DOCUMENT-LIFECYCLE-ENGINE.ps1","L360-PHASE10E-DOCUMENT-LIFECYCLE-ENGINE.ps1","24334","18/6/2026 7:34:15 PM"
"C:\Users\jep_edmundrulz\litigation-360-workspace\litigation-360-software-POLLUTED-ARCHIVE-CUTOVER-V4\phase-scripts\phase10\L360-PHASE10F-COURT-OPERATIONS-ENGINE.ps1","L360-PHASE10F-COURT-OPERATIONS-ENGINE.ps1","23151","18/6/2026 7:47:53 PM"
"C:\Users\jep_edmundrulz\litigation-360-workspace\litigation-360-software-POLLUTED-ARCHIVE-CUTOVER-V4\phase-scripts\phase10\L360-PHASE10G-MATTER-INTELLIGENCE-ENGINE.ps1","L360-PHASE10G-MATTER-INTELLIGENCE-ENGINE.ps1","22135","18/6/2026 8:31:37 PM"
"C:\Users\jep_edmundrulz\litigation-360-workspace\litigation-360-software-POLLUTED-ARCHIVE-CUTOVER-V4\phase-scripts\phase10\L360-PHASE10H-EXECUTIVE-COMMAND-CENTRE.ps1","L360-PHASE10H-EXECUTIVE-COMMAND-CENTRE.ps1","14417","18/6/2026 9:05:34 PM"
"C:\Users\jep_edmundrulz\litigation-360-workspace\litigation-360-software-POLLUTED-ARCHIVE-CUTOVER-V4\phase-scripts\phase10\L360-PHASE10I-LEGAL-OPERATIONS-ASSISTANT.ps1","L360-PHASE10I-LEGAL-OPERATIONS-ASSISTANT.ps1","17168","18/6/2026 9:12:17 PM"
"C:\Users\jep_edmundrulz\litigation-360-workspace\litigation-360-software-POLLUTED-ARCHIVE-CUTOVER-V4\phase-scripts\phase10\L360-PHASE10J-PREDICTIVE-LITIGATION-ANALYTICS.ps1","L360-PHASE10J-PREDICTIVE-LITIGATION-ANALYTICS.ps1","19269","18/6/2026 9:53:18 PM"
"C:\Users\jep_edmundrulz\litigation-360-workspace\litigation-360-software-POLLUTED-ARCHIVE-CUTOVER-V4\phase-scripts\phase10\L360-PHASE10K-COURT-NAVIGATION-INTELLIGENCE.ps1","L360-PHASE10K-COURT-NAVIGATION-INTELLIGENCE.ps1","20266","18/6/2026 10:05:42 PM"
"C:\Users\jep_edmundrulz\litigation-360-workspace\litigation-360-software-POLLUTED-ARCHIVE-CUTOVER-V4\phase-scripts\phase10\L360-PHASE10K-PERKESO-INDUSTRIAL-COURT-PATCH.ps1","L360-PHASE10K-PERKESO-INDUSTRIAL-COURT-PATCH.ps1","9357","18/6/2026 10:13:36 PM"
"C:\Users\jep_edmundrulz\litigation-360-workspace\litigation-360-software-POLLUTED-ARCHIVE-CUTOVER-V4\phase-scripts\phase10\L360-PHASE10L-COURT-REGISTRY-FIX.ps1","L360-PHASE10L-COURT-REGISTRY-FIX.ps1","7177","19/6/2026 12:50:03 AM"
"C:\Users\jep_edmundrulz\litigation-360-workspace\litigation-360-software-POLLUTED-ARCHIVE-CUTOVER-V4\phase-scripts\phase10\L360-PHASE10L-MAPS-RESTORE.ps1","L360-PHASE10L-MAPS-RESTORE.ps1","13168","19/6/2026 12:27:43 AM"
"C:\Users\jep_edmundrulz\litigation-360-workspace\litigation-360-software-POLLUTED-ARCHIVE-CUTOVER-V4\phase-scripts\phase10\L360-PHASE10M-AUTONOMOUS-OPERATIONS-ENGINE.ps1","L360-PHASE10M-AUTONOMOUS-OPERATIONS-ENGINE.ps1","23268","18/6/2026 10:47:11 PM"
"C:\Users\jep_edmundrulz\litigation-360-workspace\litigation-360-software-POLLUTED-ARCHIVE-CUTOVER-V4\phase-scripts\phase10\L360-PHASE10N-ENTERPRISE-GOVERNANCE-ENGINE.ps1","L360-PHASE10N-ENTERPRISE-GOVERNANCE-ENGINE.ps1","23421","19/6/2026 12:04:15 AM"
"C:\Users\jep_edmundrulz\litigation-360-workspace\litigation-360-software-POLLUTED-ARCHIVE-CUTOVER-V4\phase-scripts\phase10\L360-PHASE10O-ENTERPRISE-HARDENING.ps1","L360-PHASE10O-ENTERPRISE-HARDENING.ps1","17396","19/6/2026 1:06:11 AM"
"C:\Users\jep_edmundrulz\litigation-360-workspace\litigation-360-software-POLLUTED-ARCHIVE-CUTOVER-V4\phase-scripts\phase10\L360-PHASE10O-HARDENING-PATH-FIX.ps1","L360-PHASE10O-HARDENING-PATH-FIX.ps1","4093","19/6/2026 1:16:20 AM"
"C:\Users\jep_edmundrulz\litigation-360-workspace\litigation-360-software-POLLUTED-ARCHIVE-CUTOVER-V4\phase-scripts\phase10\L360-PHASE10P-BACKUP-RECOVERY-DISASTER-READINESS.ps1","L360-PHASE10P-BACKUP-RECOVERY-DISASTER-READINESS.ps1","15230","19/6/2026 1:27:08 AM"
"C:\Users\jep_edmundrulz\litigation-360-workspace\litigation-360-software-POLLUTED-ARCHIVE-CUTOVER-V4\phase-scripts\phase10\L360-PHASE10Q-ENTERPRISE-MONITORING.ps1","L360-PHASE10Q-ENTERPRISE-MONITORING.ps1","21940","19/6/2026 7:51:03 AM"
"C:\Users\jep_edmundrulz\litigation-360-workspace\litigation-360-software-POLLUTED-ARCHIVE-CUTOVER-V4\phase-scripts\phase10\L360-PHASE10R-PERFORMANCE-OPTIMIZATION.ps1","L360-PHASE10R-PERFORMANCE-OPTIMIZATION.ps1","14072","19/6/2026 8:41:35 AM"
"C:\Users\jep_edmundrulz\litigation-360-workspace\litigation-360-software-POLLUTED-ARCHIVE-CUTOVER-V4\phase-scripts\phase10\L360-PHASE10S-FRONTEND-DASHBOARD-V2-FIX.ps1","L360-PHASE10S-FRONTEND-DASHBOARD-V2-FIX.ps1","10898","19/6/2026 9:54:53 AM"
"C:\Users\jep_edmundrulz\litigation-360-workspace\litigation-360-software-POLLUTED-ARCHIVE-CUTOVER-V4\phase-scripts\phase10\L360-PHASE10S-FRONTEND-OPERATIONS-DASHBOARD.ps1","L360-PHASE10S-FRONTEND-OPERATIONS-DASHBOARD.ps1","12657","19/6/2026 9:25:27 AM"
"C:\Users\jep_edmundrulz\litigation-360-workspace\litigation-360-software-POLLUTED-ARCHIVE-CUTOVER-V4\phase-scripts\phase10\L360-PHASE10T-FRONTEND-APP-INTEGRATION.ps1","L360-PHASE10T-FRONTEND-APP-INTEGRATION.ps1","6072","19/6/2026 10:22:17 AM"
"C:\Users\jep_edmundrulz\litigation-360-workspace\litigation-360-software-POLLUTED-ARCHIVE-CUTOVER-V4\phase-scripts\phase10\L360-PHASE10U-APP-WIRING-FIX.ps1","L360-PHASE10U-APP-WIRING-FIX.ps1","6200","19/6/2026 11:19:27 AM"
"C:\Users\jep_edmundrulz\litigation-360-workspace\litigation-360-software-POLLUTED-ARCHIVE-CUTOVER-V4\phase-scripts\phase10\L360-PHASE10U-FRONTEND-BACKEND-CONNECTIVITY.ps1","L360-PHASE10U-FRONTEND-BACKEND-CONNECTIVITY.ps1","12708","19/6/2026 11:12:25 AM"
"C:\Users\jep_edmundrulz\litigation-360-workspace\litigation-360-software-POLLUTED-ARCHIVE-CUTOVER-V4\phase-scripts\phase10\L360-PHASE10V-FRONTEND-SMOKE-TESTING.ps1","L360-PHASE10V-FRONTEND-SMOKE-TESTING.ps1","9728","19/6/2026 11:31:07 AM"
"C:\Users\jep_edmundrulz\litigation-360-workspace\litigation-360-software-POLLUTED-ARCHIVE-CUTOVER-V4\phase-scripts\phase10\L360-PHASE10V-SMOKE-TEST-V2-FIX.ps1","L360-PHASE10V-SMOKE-TEST-V2-FIX.ps1","7734","19/6/2026 11:43:30 AM"
"C:\Users\jep_edmundrulz\litigation-360-workspace\litigation-360-software-POLLUTED-ARCHIVE-CUTOVER-V4\phase-scripts\phase10\L360-PHASE10W-FRONTEND-BUILD-VALIDATION.ps1","L360-PHASE10W-FRONTEND-BUILD-VALIDATION.ps1","9041","19/6/2026 11:52:43 AM"
"C:\Users\jep_edmundrulz\litigation-360-workspace\litigation-360-software-POLLUTED-ARCHIVE-CUTOVER-V4\phase-scripts\phase10\L360-PHASE10X-GUI-REPLACEMENT.ps1","L360-PHASE10X-GUI-REPLACEMENT.ps1","10608","19/6/2026 12:26:07 PM"
"C:\Users\jep_edmundrulz\litigation-360-workspace\litigation-360-software-POLLUTED-ARCHIVE-CUTOVER-V4\phase-scripts\phase10\L360-PHASE10X1-DEPLOYMENT-READINESS-CENTRE.ps1","L360-PHASE10X1-DEPLOYMENT-READINESS-CENTRE.ps1","17380","19/6/2026 12:59:25 PM"
"C:\Users\jep_edmundrulz\litigation-360-workspace\litigation-360-software-POLLUTED-ARCHIVE-CUTOVER-V4\phase-scripts\phase10\L360-PHASE10X2-ENVIRONMENT-VALIDATION.ps1","L360-PHASE10X2-ENVIRONMENT-VALIDATION.ps1","19606","19/6/2026 1:19:23 PM"
"C:\Users\jep_edmundrulz\litigation-360-workspace\litigation-360-software-POLLUTED-ARCHIVE-CUTOVER-V4\phase-scripts\phase10\L360-PHASE10X3-RELEASE-VALIDATOR.ps1","L360-PHASE10X3-RELEASE-VALIDATOR.ps1","16519","19/6/2026 1:28:38 PM"
"C:\Users\jep_edmundrulz\litigation-360-workspace\litigation-360-software-POLLUTED-ARCHIVE-CUTOVER-V4\phase-scripts\phase10\L360-PHASE10X3A-ENTERPRISE-ARCHITECTURE-REGISTRY.ps1","L360-PHASE10X3A-ENTERPRISE-ARCHITECTURE-REGISTRY.ps1","22902","19/6/2026 2:02:32 PM"
"C:\Users\jep_edmundrulz\litigation-360-workspace\litigation-360-software-POLLUTED-ARCHIVE-CUTOVER-V4\phase-scripts\phase10\L360-PHASE10X4-DEPLOYMENT-SCORING-ENGINE.ps1","L360-PHASE10X4-DEPLOYMENT-SCORING-ENGINE.ps1","19326","19/6/2026 2:12:40 PM"
"C:\Users\jep_edmundrulz\litigation-360-workspace\litigation-360-software-POLLUTED-ARCHIVE-CUTOVER-V4\phase-scripts\phase10\L360-PHASE10X5-EXECUTIVE-DEPLOYMENT-DASHBOARD.ps1","L360-PHASE10X5-EXECUTIVE-DEPLOYMENT-DASHBOARD.ps1","16807","19/6/2026 2:35:08 PM"
"C:\Users\jep_edmundrulz\litigation-360-workspace\litigation-360-software-POLLUTED-ARCHIVE-CUTOVER-V4\phase-scripts\phase10\L360-PHASE10X6-DEPLOYMENT-GATEKEEPER.ps1","L360-PHASE10X6-DEPLOYMENT-GATEKEEPER.ps1","21156","19/6/2026 3:08:41 PM"
"C:\Users\jep_edmundrulz\litigation-360-workspace\litigation-360-software-POLLUTED-ARCHIVE-CUTOVER-V4\phase-scripts\phase10\L360-PHASE10X7-MASTER-GOVERNANCE-DOCS.ps1","L360-PHASE10X7-MASTER-GOVERNANCE-DOCS.ps1","16319","19/6/2026 3:28:29 PM"
"C:\Users\jep_edmundrulz\litigation-360-workspace\litigation-360-software-POLLUTED-ARCHIVE-CUTOVER-V4\phase-scripts\phase10\L360-PHASE10Y-GUI-STABILISATION.ps1","L360-PHASE10Y-GUI-STABILISATION.ps1","3614","19/6/2026 12:32:30 PM"
"C:\Users\jep_edmundrulz\litigation-360-workspace\litigation-360-software-POLLUTED-ARCHIVE-CUTOVER-V4\phase-scripts\phase10\L360-PHASE10Y0-ENTERPRISE-MASTER-REGISTRY-DIGITAL-TWIN.ps1","L360-PHASE10Y0-ENTERPRISE-MASTER-REGISTRY-DIGITAL-TWIN.ps1","29844","19/6/2026 3:50:45 PM"
"C:\Users\jep_edmundrulz\litigation-360-workspace\litigation-360-software-POLLUTED-ARCHIVE-CUTOVER-V4\phase-scripts\phase10\L360-PHASE10Z-GAP-REPAIR-10Z2-10Z3-LIVE-VALIDATOR.ps1","L360-PHASE10Z-GAP-REPAIR-10Z2-10Z3-LIVE-VALIDATOR.ps1","18784","19/6/2026 5:50:50 PM"
"C:\Users\jep_edmundrulz\litigation-360-workspace\litigation-360-software-POLLUTED-ARCHIVE-CUTOVER-V4\phase-scripts\phase10\L360-PHASE10Z0-ENTERPRISE-OPERATIONS-COMMAND-CENTRE.ps1","L360-PHASE10Z0-ENTERPRISE-OPERATIONS-COMMAND-CENTRE.ps1","23990","19/6/2026 4:16:42 PM"
"C:\Users\jep_edmundrulz\litigation-360-workspace\litigation-360-software-POLLUTED-ARCHIVE-CUTOVER-V4\phase-scripts\phase10\L360-PHASE10Z1-ENTERPRISE-ALERT-ESCALATION-CENTRE.ps1","L360-PHASE10Z1-ENTERPRISE-ALERT-ESCALATION-CENTRE.ps1","37279","19/6/2026 5:02:24 PM"
"C:\Users\jep_edmundrulz\litigation-360-workspace\litigation-360-software-POLLUTED-ARCHIVE-CUTOVER-V4\phase-scripts\phase10\L360-PHASE10Z2-ENTERPRISE-OPERATIONS-ANALYTICS-CENTRE.ps1","L360-PHASE10Z2-ENTERPRISE-OPERATIONS-ANALYTICS-CENTRE.ps1","26120","19/6/2026 5:04:42 PM"
"C:\Users\jep_edmundrulz\litigation-360-workspace\litigation-360-software-POLLUTED-ARCHIVE-CUTOVER-V4\phase-scripts\phase10\L360-PHASE10Z4-AUTONOMOUS-OPERATIONS-SUPERVISOR-V2.ps1","L360-PHASE10Z4-AUTONOMOUS-OPERATIONS-SUPERVISOR-V2.ps1","26646","19/6/2026 5:17:06 PM"
"C:\Users\jep_edmundrulz\litigation-360-workspace\litigation-360-software-POLLUTED-ARCHIVE-CUTOVER-V4\phase-scripts\phase10\L360-PHASE10Z4-AUTONOMOUS-OPERATIONS-SUPERVISOR.ps1","L360-PHASE10Z4-AUTONOMOUS-OPERATIONS-SUPERVISOR.ps1","26638","19/6/2026 5:14:36 PM"
"C:\Users\jep_edmundrulz\litigation-360-workspace\litigation-360-software-POLLUTED-ARCHIVE-CUTOVER-V4\phase-scripts\phase11\L360-PHASE11-0-AUTONOMOUS-LEGAL-ENTERPRISE-ECOSYSTEM-FOUNDATION.ps1","L360-PHASE11-0-AUTONOMOUS-LEGAL-ENTERPRISE-ECOSYSTEM-FOUNDATION.ps1","17378","19/6/2026 5:23:08 PM"
"C:\Users\jep_edmundrulz\litigation-360-workspace\litigation-360-software-POLLUTED-ARCHIVE-CUTOVER-V4\PROJECT_CONTROL_CENTRE\12_ENTERPRISE_DISCOVERY_ENGINE\scripts\L360_ENTERPRISE_DISCOVERY_ENGINE.ps1","L360_ENTERPRISE_DISCOVERY_ENGINE.ps1","1770","25/6/2026 9:11:42 AM"
"C:\Users\jep_edmundrulz\litigation-360-workspace\litigation-360-software-POLLUTED-ARCHIVE-CUTOVER-V4\PROJECT_CONTROL_CENTRE\13_ENTERPRISE_REGISTRY\scripts\L360_ENTERPRISE_REGISTRY_GENERATOR.ps1","L360_ENTERPRISE_REGISTRY_GENERATOR.ps1","3814","25/6/2026 6:39:49 PM"
"C:\Users\jep_edmundrulz\litigation-360-workspace\litigation-360-software-POLLUTED-ARCHIVE-CUTOVER-V4\scripts\master-system\RUN-LIVE-STATUS-SNAPSHOT.ps1","RUN-LIVE-STATUS-SNAPSHOT.ps1","758","21/6/2026 9:10:07 AM"
"C:\Users\jep_edmundrulz\litigation-360-workspace\litigation-360-software-POLLUTED-ARCHIVE-CUTOVER-V4\scripts\master-system\RUN-MASTER-AUDIT.ps1","RUN-MASTER-AUDIT.ps1","1154","21/6/2026 9:10:07 AM"
"C:\Users\jep_edmundrulz\litigation-360-workspace\litigation-360-software-POLLUTED-ARCHIVE-CUTOVER-V4\scripts\monitoring\live_monitor.bat","live_monitor.bat","501","18/6/2026 8:30:40 AM"
"C:\Users\jep_edmundrulz\litigation-360-workspace\litigation-360-software-POLLUTED-ARCHIVE-CUTOVER-V4\scripts\phase-09-5\health-check-phase-09-5.bat","health-check-phase-09-5.bat","657","18/6/2026 9:30:01 AM"
"C:\Users\jep_edmundrulz\litigation-360-workspace\litigation-360-software-POLLUTED-ARCHIVE-CUTOVER-V4\scripts\phase-09-5\safe-housekeeping-scan.bat","safe-housekeeping-scan.bat","3056","18/6/2026 9:45:33 AM"
"C:\Users\jep_edmundrulz\litigation-360-workspace\litigation-360-software-POLLUTED-ARCHIVE-CUTOVER-V4\scripts\testing\run_basic_checks.bat","run_basic_checks.bat","399","18/6/2026 8:30:40 AM"
"C:\Users\jep_edmundrulz\litigation-360-workspace\litigation-360-software-POLLUTED-ARCHIVE-CUTOVER-V4\scripts\BUILD-FRONTEND.bat","BUILD-FRONTEND.bat","124","19/6/2026 4:46:16 PM"
"C:\Users\jep_edmundrulz\litigation-360-workspace\litigation-360-software-POLLUTED-ARCHIVE-CUTOVER-V4\scripts\CHECK-BACKEND-HEALTH.bat","CHECK-BACKEND-HEALTH.bat","280","19/6/2026 4:46:16 PM"
"C:\Users\jep_edmundrulz\litigation-360-workspace\litigation-360-software-POLLUTED-ARCHIVE-CUTOVER-V4\scripts\DAILY-START-BACKEND.bat","DAILY-START-BACKEND.bat","200","19/6/2026 4:46:16 PM"
"C:\Users\jep_edmundrulz\litigation-360-workspace\litigation-360-software-POLLUTED-ARCHIVE-CUTOVER-V4\scripts\DEPLOY-PHASE-10ZG.ps1","DEPLOY-PHASE-10ZG.ps1","2767","19/6/2026 5:39:37 PM"
"C:\Users\jep_edmundrulz\litigation-360-workspace\litigation-360-software-POLLUTED-ARCHIVE-CUTOVER-V4\scripts\install-ai-prompts-and-safety-policy.bat","install-ai-prompts-and-safety-policy.bat","11270","14/6/2026 5:55:16 PM"
"C:\Users\jep_edmundrulz\litigation-360-workspace\litigation-360-software-POLLUTED-ARCHIVE-CUTOVER-V4\scripts\ROLLBACK-PHASE-10ZF.bat","ROLLBACK-PHASE-10ZF.bat","708","19/6/2026 4:46:16 PM"
"C:\Users\jep_edmundrulz\litigation-360-workspace\litigation-360-software-POLLUTED-ARCHIVE-CUTOVER-V4\scripts\ROLLBACK-PHASE-10ZG.bat","ROLLBACK-PHASE-10ZG.bat","373","19/6/2026 5:39:48 PM"
"C:\Users\jep_edmundrulz\litigation-360-workspace\litigation-360-software-POLLUTED-ARCHIVE-CUTOVER-V4\scripts\START-BACKEND-SAFE.bat","START-BACKEND-SAFE.bat","411","19/6/2026 1:15:56 PM"
"C:\Users\jep_edmundrulz\litigation-360-workspace\litigation-360-software-POLLUTED-ARCHIVE-CUTOVER-V4\scripts\START-BACKEND.bat","START-BACKEND.bat","119","19/6/2026 4:46:16 PM"
"C:\Users\jep_edmundrulz\litigation-360-workspace\litigation-360-software-POLLUTED-ARCHIVE-CUTOVER-V4\scripts\START-FRONTEND.bat","START-FRONTEND.bat","122","19/6/2026 4:46:16 PM"
"C:\Users\jep_edmundrulz\litigation-360-workspace\litigation-360-software-POLLUTED-ARCHIVE-CUTOVER-V4\scripts\STOP-ALL-NODE-SERVERS.bat","STOP-ALL-NODE-SERVERS.bat","44","19/6/2026 4:46:16 PM"
"C:\Users\jep_edmundrulz\litigation-360-workspace\litigation-360-software-POLLUTED-ARCHIVE-CUTOVER-V4\scripts\VERIFY-PHASE-10ZF.bat","VERIFY-PHASE-10ZF.bat","3966","19/6/2026 4:39:15 PM"
"C:\Users\jep_edmundrulz\litigation-360-workspace\litigation-360-software-POLLUTED-ARCHIVE-CUTOVER-V4\scripts\VERIFY-PHASE-10ZG.bat","VERIFY-PHASE-10ZG.bat","1070","19/6/2026 5:19:01 PM"
"C:\Users\jep_edmundrulz\litigation-360-workspace\litigation-360-software-POLLUTED-ARCHIVE-CUTOVER-V4\tests\commercialisation\VERIFY-PHASE-10ZZD-COMMERCIALISATION.ps1","VERIFY-PHASE-10ZZD-COMMERCIALISATION.ps1","2080","20/6/2026 8:22:32 PM"
"C:\Users\jep_edmundrulz\litigation-360-workspace\litigation-360-software-POLLUTED-ARCHIVE-CUTOVER-V4\tests\licensing\RUN-PHASE-10ZZG-1-LIVE-TESTS.ps1","RUN-PHASE-10ZZG-1-LIVE-TESTS.ps1","1979","20/6/2026 10:41:09 PM"
"C:\Users\jep_edmundrulz\litigation-360-workspace\litigation-360-software-POLLUTED-ARCHIVE-CUTOVER-V4\tests\licensing\RUN-PHASE-10ZZG-3-LIVE-TESTS.ps1","RUN-PHASE-10ZZG-3-LIVE-TESTS.ps1","2053","20/6/2026 10:49:54 PM"
"C:\Users\jep_edmundrulz\litigation-360-workspace\litigation-360-software-POLLUTED-ARCHIVE-CUTOVER-V4\tests\licensing\RUN-PHASE-10ZZG-4-LIVE-TESTS.ps1","RUN-PHASE-10ZZG-4-LIVE-TESTS.ps1","3414","20/6/2026 11:24:30 PM"
"C:\Users\jep_edmundrulz\litigation-360-workspace\litigation-360-software-POLLUTED-ARCHIVE-CUTOVER-V4\tests\licensing\RUN-PHASE-10ZZG-5-LIVE-TESTS.ps1","RUN-PHASE-10ZZG-5-LIVE-TESTS.ps1","3291","21/6/2026 8:34:21 AM"
"C:\Users\jep_edmundrulz\litigation-360-workspace\litigation-360-software-POLLUTED-ARCHIVE-CUTOVER-V4\tests\licensing\RUN-PHASE-10ZZG-6-LIVE-TESTS.ps1","RUN-PHASE-10ZZG-6-LIVE-TESTS.ps1","1724","21/6/2026 10:24:17 AM"
"C:\Users\jep_edmundrulz\litigation-360-workspace\litigation-360-software-POLLUTED-ARCHIVE-CUTOVER-V4\tests\licensing\VERIFY-PHASE-10ZZE.ps1","VERIFY-PHASE-10ZZE.ps1","957","20/6/2026 6:29:04 PM"
"C:\Users\jep_edmundrulz\litigation-360-workspace\litigation-360-software-POLLUTED-ARCHIVE-CUTOVER-V4\tests\licensing\VERIFY-PHASE-10ZZF.ps1","VERIFY-PHASE-10ZZF.ps1","718","20/6/2026 8:06:08 PM"
"C:\Users\jep_edmundrulz\litigation-360-workspace\litigation-360-software-POLLUTED-ARCHIVE-CUTOVER-V4\tests\licensing\VERIFY-PHASE-10ZZG-1.ps1","VERIFY-PHASE-10ZZG-1.ps1","1082","20/6/2026 10:41:09 PM"
"C:\Users\jep_edmundrulz\litigation-360-workspace\litigation-360-software-POLLUTED-ARCHIVE-CUTOVER-V4\tests\licensing\VERIFY-PHASE-10ZZG-2.ps1","VERIFY-PHASE-10ZZG-2.ps1","870","20/6/2026 10:44:37 PM"
"C:\Users\jep_edmundrulz\litigation-360-workspace\litigation-360-software-POLLUTED-ARCHIVE-CUTOVER-V4\tests\licensing\VERIFY-PHASE-10ZZG-3.ps1","VERIFY-PHASE-10ZZG-3.ps1","834","20/6/2026 10:49:54 PM"
"C:\Users\jep_edmundrulz\litigation-360-workspace\litigation-360-software-POLLUTED-ARCHIVE-CUTOVER-V4\tests\licensing\VERIFY-PHASE-10ZZG-4.ps1","VERIFY-PHASE-10ZZG-4.ps1","877","20/6/2026 11:24:30 PM"
"C:\Users\jep_edmundrulz\litigation-360-workspace\litigation-360-software-POLLUTED-ARCHIVE-CUTOVER-V4\tests\licensing\VERIFY-PHASE-10ZZG-5.ps1","VERIFY-PHASE-10ZZG-5.ps1","820","20/6/2026 11:59:45 PM"
"C:\Users\jep_edmundrulz\litigation-360-workspace\litigation-360-software-POLLUTED-ARCHIVE-CUTOVER-V4\tests\licensing\VERIFY-PHASE-10ZZG-6.ps1","VERIFY-PHASE-10ZZG-6.ps1","1029","21/6/2026 10:13:05 AM"
"C:\Users\jep_edmundrulz\litigation-360-workspace\litigation-360-software-POLLUTED-ARCHIVE-CUTOVER-V4\tools\audit\L360-PHASE10X0-BASELINE-AUDIT.ps1","L360-PHASE10X0-BASELINE-AUDIT.ps1","18940","19/6/2026 12:30:01 PM"
"C:\Users\jep_edmundrulz\litigation-360-workspace\litigation-360-software-POLLUTED-ARCHIVE-CUTOVER-V4\tools\audit\L360-PHASE10Z-FINAL-GATE-REGRESSION-AUDIT.ps1","L360-PHASE10Z-FINAL-GATE-REGRESSION-AUDIT.ps1","10753","19/6/2026 5:31:59 PM"
"C:\Users\jep_edmundrulz\litigation-360-workspace\litigation-360-software-POLLUTED-ARCHIVE-CUTOVER-V4\tools\audit\L360-PHASE10ZY0-ENTERPRISE-DISCOVERY-INVENTORY-AUDIT.ps1","L360-PHASE10ZY0-ENTERPRISE-DISCOVERY-INVENTORY-AUDIT.ps1","2324","19/6/2026 6:32:58 PM"
"C:\Users\jep_edmundrulz\litigation-360-workspace\litigation-360-software-POLLUTED-ARCHIVE-CUTOVER-V4\tools\audit\L360-PHASE10ZY1-ENTERPRISE-METADATA-EXTRACTION-AUDIT.ps1","L360-PHASE10ZY1-ENTERPRISE-METADATA-EXTRACTION-AUDIT.ps1","8730","20/6/2026 6:55:40 AM"
"C:\Users\jep_edmundrulz\litigation-360-workspace\litigation-360-software-POLLUTED-ARCHIVE-CUTOVER-V4\tools\installers\INSTALL-PHASE-10M-2-ARCHITECTURE-CATALOG.bat","INSTALL-PHASE-10M-2-ARCHITECTURE-CATALOG.bat","4637","19/6/2026 5:54:04 PM"
"C:\Users\jep_edmundrulz\litigation-360-workspace\litigation-360-software-POLLUTED-ARCHIVE-CUTOVER-V4\tools\installers\INSTALL-PHASE-10M-3-SECURITY-DEPLOYMENT-DATA.bat","INSTALL-PHASE-10M-3-SECURITY-DEPLOYMENT-DATA.bat","4805","19/6/2026 5:58:40 PM"
"C:\Users\jep_edmundrulz\litigation-360-workspace\litigation-360-software-POLLUTED-ARCHIVE-CUTOVER-V4\tools\installers\INSTALL-PHASE-10M-4-TRAINING-COMMERCIAL-GLOSSARY.bat","INSTALL-PHASE-10M-4-TRAINING-COMMERCIAL-GLOSSARY.bat","6332","19/6/2026 6:01:35 PM"
"C:\Users\jep_edmundrulz\litigation-360-workspace\litigation-360-software-POLLUTED-ARCHIVE-CUTOVER-V4\tools\installers\INSTALL-PHASE-10M-MASTER-HANDBOOK.bat","INSTALL-PHASE-10M-MASTER-HANDBOOK.bat","8285","19/6/2026 5:51:03 PM"
"C:\Users\jep_edmundrulz\litigation-360-workspace\litigation-360-software-POLLUTED-ARCHIVE-CUTOVER-V4\tools\installers\INSTALL-PHASE-10N-GOVERNANCE.bat","INSTALL-PHASE-10N-GOVERNANCE.bat","2247","19/6/2026 11:17:31 PM"
"C:\Users\jep_edmundrulz\litigation-360-workspace\litigation-360-software-POLLUTED-ARCHIVE-CUTOVER-V4\tools\installers\INSTALL-PHASE-10ZF-AUTOMATION.bat","INSTALL-PHASE-10ZF-AUTOMATION.bat","2101","19/6/2026 4:43:03 PM"
"C:\Users\jep_edmundrulz\litigation-360-workspace\litigation-360-software-POLLUTED-ARCHIVE-CUTOVER-V4\tools\validation\CHECK-L360-STATUS.bat","CHECK-L360-STATUS.bat","858","17/6/2026 6:46:54 PM"
"C:\Users\jep_edmundrulz\litigation-360-workspace\litigation-360-software-POLLUTED-ARCHIVE-CUTOVER-V4\tools\validation\PHASE7C-AUTO-AUDIT-VERIFY.bat","PHASE7C-AUTO-AUDIT-VERIFY.bat","1074","17/6/2026 10:25:31 AM"
"C:\Users\jep_edmundrulz\litigation-360-workspace\litigation-360-software-POLLUTED-ARCHIVE-CUTOVER-V4\tools\validation\VERIFY-PHASE-10ZF.bat","VERIFY-PHASE-10ZF.bat","3966","19/6/2026 4:39:15 PM"
"C:\Users\jep_edmundrulz\litigation-360-workspace\litigation-360-software-POLLUTED-ARCHIVE-CUTOVER-V4\BUILD_PHASE10ZY8_EXECUTIVE_REGISTRY.bat","BUILD_PHASE10ZY8_EXECUTIVE_REGISTRY.bat","1183","20/6/2026 1:03:11 PM"
"C:\Users\jep_edmundrulz\litigation-360-workspace\litigation-360-software-POLLUTED-ARCHIVE-CUTOVER-V4\BUILD-L360-ENTERPRISE-DOCUMENTATION-SYSTEM.ps1","BUILD-L360-ENTERPRISE-DOCUMENTATION-SYSTEM.ps1","10154","21/6/2026 9:09:28 AM"
"C:\Users\jep_edmundrulz\litigation-360-workspace\litigation-360-software-POLLUTED-ARCHIVE-CUTOVER-V4\CLIENT-CONTACT-FORM-V4-SIMPLIFIED-PROFESSIONAL.ps1","CLIENT-CONTACT-FORM-V4-SIMPLIFIED-PROFESSIONAL.ps1","79940","22/6/2026 11:39:06 AM"
"C:\Users\jep_edmundrulz\litigation-360-workspace\litigation-360-software-POLLUTED-ARCHIVE-CUTOVER-V4\CLIENT-PROFILE-V5-NRIC-TITLE-AGE-GENERATION.ps1","CLIENT-PROFILE-V5-NRIC-TITLE-AGE-GENERATION.ps1","76823","22/6/2026 12:05:56 PM"
"C:\Users\jep_edmundrulz\litigation-360-workspace\litigation-360-software-POLLUTED-ARCHIVE-CUTOVER-V4\CLIENT-PROFILE-V6-ALIGN-VERIFY-DOCUMENTATION.ps1","CLIENT-PROFILE-V6-ALIGN-VERIFY-DOCUMENTATION.ps1","89476","22/6/2026 12:41:35 PM"
"C:\Users\jep_edmundrulz\litigation-360-workspace\litigation-360-software-POLLUTED-ARCHIVE-CUTOVER-V4\CLIENT-PROFILE-V8-1-FIXED-FIELD-ALIGNMENT-NRIC-STATE-REGION.ps1","CLIENT-PROFILE-V8-1-FIXED-FIELD-ALIGNMENT-NRIC-STATE-REGION.ps1","33045","22/6/2026 1:34:35 PM"
"C:\Users\jep_edmundrulz\litigation-360-workspace\litigation-360-software-POLLUTED-ARCHIVE-CUTOVER-V4\CLIENT-PROFILE-V8-2-FIX-MANDATORY-SINGLE-LINE-LABELS.ps1","CLIENT-PROFILE-V8-2-FIX-MANDATORY-SINGLE-LINE-LABELS.ps1","17229","22/6/2026 1:41:11 PM"
"C:\Users\jep_edmundrulz\litigation-360-workspace\litigation-360-software-POLLUTED-ARCHIVE-CUTOVER-V4\CLIENT-PROFILE-V8-2-FIX-REQUIRED-LINE-PARSE-MANDATORY.ps1","CLIENT-PROFILE-V8-2-FIX-REQUIRED-LINE-PARSE-MANDATORY.ps1","16836","22/6/2026 1:44:51 PM"
"C:\Users\jep_edmundrulz\litigation-360-workspace\litigation-360-software-POLLUTED-ARCHIVE-CUTOVER-V4\CLIENT-PROFILE-V8-2-HOTFIX-REQUIREDMARK-MANDATORY-FIELDS.ps1","CLIENT-PROFILE-V8-2-HOTFIX-REQUIREDMARK-MANDATORY-FIELDS.ps1","14477","22/6/2026 1:49:40 PM"
"C:\Users\jep_edmundrulz\litigation-360-workspace\litigation-360-software-POLLUTED-ARCHIVE-CUTOVER-V4\CLIENT-PROFILE-V8-6-IDENTIFIER-STAR-SYNTAX-CLEANUP.ps1","CLIENT-PROFILE-V8-6-IDENTIFIER-STAR-SYNTAX-CLEANUP.ps1","9254","22/6/2026 2:15:35 PM"
"C:\Users\jep_edmundrulz\litigation-360-workspace\litigation-360-software-POLLUTED-ARCHIVE-CUTOVER-V4\CLIENT-PROFILE-V8-7-SAFE-FIELDLABEL-DISPLAY-CLEANUP.ps1","CLIENT-PROFILE-V8-7-SAFE-FIELDLABEL-DISPLAY-CLEANUP.ps1","11048","22/6/2026 2:35:57 PM"
"C:\Users\jep_edmundrulz\litigation-360-workspace\litigation-360-software-POLLUTED-ARCHIVE-CUTOVER-V4\CLIENT-PROFILE-V8-FIX-FIELD-ALIGNMENT-NRIC-STATE-REGION.ps1","CLIENT-PROFILE-V8-FIX-FIELD-ALIGNMENT-NRIC-STATE-REGION.ps1","33601","22/6/2026 1:26:58 PM"
"C:\Users\jep_edmundrulz\litigation-360-workspace\litigation-360-software-POLLUTED-ARCHIVE-CUTOVER-V4\CLIENT-UI-V7-ALIGN-NAV-RELATIONSHIP-PATCH.ps1","CLIENT-UI-V7-ALIGN-NAV-RELATIONSHIP-PATCH.ps1","23399","22/6/2026 12:59:36 PM"
"C:\Users\jep_edmundrulz\litigation-360-workspace\litigation-360-software-POLLUTED-ARCHIVE-CUTOVER-V4\Create_AI_Prompt_Library_SAFE.cmd","Create_AI_Prompt_Library_SAFE.cmd","17828","15/6/2026 12:13:01 PM"
"C:\Users\jep_edmundrulz\litigation-360-workspace\litigation-360-software-POLLUTED-ARCHIVE-CUTOVER-V4\create-audit-plan-doc.bat","create-audit-plan-doc.bat","1543","15/6/2026 10:40:23 AM"
"C:\Users\jep_edmundrulz\litigation-360-workspace\litigation-360-software-POLLUTED-ARCHIVE-CUTOVER-V4\CREATE-L360-UI-DEADLINE-CONTROL-PACK.ps1","CREATE-L360-UI-DEADLINE-CONTROL-PACK.ps1","37471","23/6/2026 7:20:32 PM"
"C:\Users\jep_edmundrulz\litigation-360-workspace\litigation-360-software-POLLUTED-ARCHIVE-CUTOVER-V4\create-phase6-docs-safe.bat","create-phase6-docs-safe.bat","4291","14/6/2026 6:23:12 PM"
"C:\Users\jep_edmundrulz\litigation-360-workspace\litigation-360-software-POLLUTED-ARCHIVE-CUTOVER-V4\create-phase6c-completion-report.bat","create-phase6c-completion-report.bat","1520","15/6/2026 11:56:15 AM"
"C:\Users\jep_edmundrulz\litigation-360-workspace\litigation-360-software-POLLUTED-ARCHIVE-CUTOVER-V4\deploy-phase-10A-handler-registry-V3-safe-logged.bat","deploy-phase-10A-handler-registry-V3-safe-logged.bat","12958","18/6/2026 5:27:42 PM"
"C:\Users\jep_edmundrulz\litigation-360-workspace\litigation-360-software-POLLUTED-ARCHIVE-CUTOVER-V4\DEPLOY-PHASE-10ZZD-1-BACKUP-VALIDATION.ps1","DEPLOY-PHASE-10ZZD-1-BACKUP-VALIDATION.ps1","8943","21/6/2026 10:01:54 AM"
"C:\Users\jep_edmundrulz\litigation-360-workspace\litigation-360-software-POLLUTED-ARCHIVE-CUTOVER-V4\DEPLOY-PHASE-10ZZD-ENTERPRISE-CONSOLIDATION.ps1","DEPLOY-PHASE-10ZZD-ENTERPRISE-CONSOLIDATION.ps1","14568","21/6/2026 9:48:11 AM"
"C:\Users\jep_edmundrulz\litigation-360-workspace\litigation-360-software-POLLUTED-ARCHIVE-CUTOVER-V4\DEPLOY-PMO-TRACKING-SYSTEM.ps1","DEPLOY-PMO-TRACKING-SYSTEM.ps1","0","23/6/2026 12:07:21 PM"
"C:\Users\jep_edmundrulz\litigation-360-workspace\litigation-360-software-POLLUTED-ARCHIVE-CUTOVER-V4\ENHANCE-CLIENT-REGISTRATION-ID-ETHNICITY-DOCUMENTS.ps1","ENHANCE-CLIENT-REGISTRATION-ID-ETHNICITY-DOCUMENTS.ps1","52981","22/6/2026 10:45:09 AM"
"C:\Users\jep_edmundrulz\litigation-360-workspace\litigation-360-software-POLLUTED-ARCHIVE-CUTOVER-V4\ENHANCE-CLIENTS-TABLE-INTERFACE.ps1","ENHANCE-CLIENTS-TABLE-INTERFACE.ps1","26899","22/6/2026 10:14:25 AM"
"C:\Users\jep_edmundrulz\litigation-360-workspace\litigation-360-software-POLLUTED-ARCHIVE-CUTOVER-V4\FIX-CLIENT-CONTACT-FORM-ALIGNMENT-PREFERENCES.ps1","FIX-CLIENT-CONTACT-FORM-ALIGNMENT-PREFERENCES.ps1","70661","22/6/2026 11:01:24 AM"
"C:\Users\jep_edmundrulz\litigation-360-workspace\litigation-360-software-POLLUTED-ARCHIVE-CUTOVER-V4\FIX-CLIENT-FORM-LAYOUT-STABILIZER-CSS-ONLY.ps1","FIX-CLIENT-FORM-LAYOUT-STABILIZER-CSS-ONLY.ps1","10230","22/6/2026 11:05:43 AM"
"C:\Users\jep_edmundrulz\litigation-360-workspace\litigation-360-software-POLLUTED-ARCHIVE-CUTOVER-V4\FIX-CLIENT-SAVE-FEEDBACK-SEARCH-TABLE.ps1","FIX-CLIENT-SAVE-FEEDBACK-SEARCH-TABLE.ps1","32712","22/6/2026 10:27:08 AM"
"C:\Users\jep_edmundrulz\litigation-360-workspace\litigation-360-software-POLLUTED-ARCHIVE-CUTOVER-V4\FIX-UI-TABLE-WIDTH-CROPPING.ps1","FIX-UI-TABLE-WIDTH-CROPPING.ps1","5324","22/6/2026 9:55:59 AM"
"C:\Users\jep_edmundrulz\litigation-360-workspace\litigation-360-software-POLLUTED-ARCHIVE-CUTOVER-V4\INSTALL_L360_ECC_SCANNER.bat","INSTALL_L360_ECC_SCANNER.bat","7312","18/6/2026 8:32:52 PM"
"C:\Users\jep_edmundrulz\litigation-360-workspace\litigation-360-software-POLLUTED-ARCHIVE-CUTOVER-V4\INSTALL_L360_PHASE13C_FINALIZER_V4_RUNONCE.bat","INSTALL_L360_PHASE13C_FINALIZER_V4_RUNONCE.bat","2278","24/6/2026 5:51:27 PM"
"C:\Users\jep_edmundrulz\litigation-360-workspace\litigation-360-software-POLLUTED-ARCHIVE-CUTOVER-V4\INSTALL_LITIGATION360_PHASE10A_AI_BLUEPRINT.bat","INSTALL_LITIGATION360_PHASE10A_AI_BLUEPRINT.bat","8730","18/6/2026 6:48:14 PM"
"C:\Users\jep_edmundrulz\litigation-360-workspace\litigation-360-software-POLLUTED-ARCHIVE-CUTOVER-V4\keepawake.ps1","keepawake.ps1","35963","9/6/2026 11:42:23 AM"
"C:\Users\jep_edmundrulz\litigation-360-workspace\litigation-360-software-POLLUTED-ARCHIVE-CUTOVER-V4\L360_PHASE13C_FINALIZER_V4_AFTER_REBOOT.ps1","L360_PHASE13C_FINALIZER_V4_AFTER_REBOOT.ps1","14420","24/6/2026 5:51:27 PM"
"C:\Users\jep_edmundrulz\litigation-360-workspace\litigation-360-software-POLLUTED-ARCHIVE-CUTOVER-V4\L360_START_ALL.bat","L360_START_ALL.bat","1091","24/6/2026 7:55:26 PM"
"C:\Users\jep_edmundrulz\litigation-360-workspace\litigation-360-software-POLLUTED-ARCHIVE-CUTOVER-V4\L360_START_ALL.ps1","L360_START_ALL.ps1","15868","24/6/2026 7:55:26 PM"
"C:\Users\jep_edmundrulz\litigation-360-workspace\litigation-360-software-POLLUTED-ARCHIVE-CUTOVER-V4\L360_VERIFY_PHASE13C_AFTER_V4.bat","L360_VERIFY_PHASE13C_AFTER_V4.bat","605","24/6/2026 5:51:27 PM"
"C:\Users\jep_edmundrulz\litigation-360-workspace\litigation-360-software-POLLUTED-ARCHIVE-CUTOVER-V4\L360_VERIFY_PHASE13C_AFTER_V4.ps1","L360_VERIFY_PHASE13C_AFTER_V4.ps1","2999","24/6/2026 5:51:27 PM"
"C:\Users\jep_edmundrulz\litigation-360-workspace\litigation-360-software-POLLUTED-ARCHIVE-CUTOVER-V4\L360-LANGUAGE-AUDIT-ONLY.bat","L360-LANGUAGE-AUDIT-ONLY.bat","1509","17/6/2026 10:37:36 AM"
"C:\Users\jep_edmundrulz\litigation-360-workspace\litigation-360-software-POLLUTED-ARCHIVE-CUTOVER-V4\L360-PHASE10ZZ-FINAL-READINESS-AUDIT.ps1","L360-PHASE10ZZ-FINAL-READINESS-AUDIT.ps1","434328","21/6/2026 3:04:52 PM"
"C:\Users\jep_edmundrulz\litigation-360-workspace\litigation-360-software-POLLUTED-ARCHIVE-CUTOVER-V4\L360-PHASE10ZZ0-ENTERPRISE-DOCUMENTATION-GOVERNANCE-AUDIT.ps1","L360-PHASE10ZZ0-ENTERPRISE-DOCUMENTATION-GOVERNANCE-AUDIT.ps1","13748","20/6/2026 7:47:27 AM"
"C:\Users\jep_edmundrulz\litigation-360-workspace\litigation-360-software-POLLUTED-ARCHIVE-CUTOVER-V4\L360-PHASE10ZZ1-SOP-GOVERNANCE-AUDIT.ps1","L360-PHASE10ZZ1-SOP-GOVERNANCE-AUDIT.ps1","14625","20/6/2026 11:09:00 AM"
"C:\Users\jep_edmundrulz\litigation-360-workspace\litigation-360-software-POLLUTED-ARCHIVE-CUTOVER-V4\L360-PHASE10ZZ1A-ENTERPRISE-SOP-FACTORY-V2.ps1","L360-PHASE10ZZ1A-ENTERPRISE-SOP-FACTORY-V2.ps1","20046","21/6/2026 11:04:46 AM"
"C:\Users\jep_edmundrulz\litigation-360-workspace\litigation-360-software-POLLUTED-ARCHIVE-CUTOVER-V4\L360-PHASE10ZZ1A-ENTERPRISE-SOP-FACTORY.ps1","L360-PHASE10ZZ1A-ENTERPRISE-SOP-FACTORY.ps1","20046","21/6/2026 11:04:46 AM"
"C:\Users\jep_edmundrulz\litigation-360-workspace\litigation-360-software-POLLUTED-ARCHIVE-CUTOVER-V4\L360-PHASE10ZZ2-VALIDATION-GOVERNANCE-AUDIT.ps1","L360-PHASE10ZZ2-VALIDATION-GOVERNANCE-AUDIT.ps1","6313","21/6/2026 2:08:03 PM"
"C:\Users\jep_edmundrulz\litigation-360-workspace\litigation-360-software-POLLUTED-ARCHIVE-CUTOVER-V4\L360-PHASE10ZZ3-TESTING-GOVERNANCE-AUDIT.ps1","L360-PHASE10ZZ3-TESTING-GOVERNANCE-AUDIT.ps1","11918","21/6/2026 2:13:59 PM"
"C:\Users\jep_edmundrulz\litigation-360-workspace\litigation-360-software-POLLUTED-ARCHIVE-CUTOVER-V4\L360-PHASE10ZZ4-ENTERPRISE-GOVERNANCE-RECOVERY.ps1","L360-PHASE10ZZ4-ENTERPRISE-GOVERNANCE-RECOVERY.ps1","15601","21/6/2026 2:21:39 PM"
"C:\Users\jep_edmundrulz\litigation-360-workspace\litigation-360-software-POLLUTED-ARCHIVE-CUTOVER-V4\L360-PHASE11-0-ENTERPRISE-TRANSITION-CONTROL.ps1","L360-PHASE11-0-ENTERPRISE-TRANSITION-CONTROL.ps1","13520","21/6/2026 2:33:32 PM"
"C:\Users\jep_edmundrulz\litigation-360-workspace\litigation-360-software-POLLUTED-ARCHIVE-CUTOVER-V4\L360-SAFE-CLEANUP-V3.ps1","L360-SAFE-CLEANUP-V3.ps1","8201","18/6/2026 5:45:08 PM"
"C:\Users\jep_edmundrulz\litigation-360-workspace\litigation-360-software-POLLUTED-ARCHIVE-CUTOVER-V4\OPEN-PHASE-10ZZD-1-REPORTS.bat","OPEN-PHASE-10ZZD-1-REPORTS.bat","237","21/6/2026 10:02:28 AM"
"C:\Users\jep_edmundrulz\litigation-360-workspace\litigation-360-software-POLLUTED-ARCHIVE-CUTOVER-V4\OPEN-PHASE-10ZZD-REPORTS.bat","OPEN-PHASE-10ZZD-REPORTS.bat","265","21/6/2026 9:48:53 AM"
"C:\Users\jep_edmundrulz\litigation-360-workspace\litigation-360-software-POLLUTED-ARCHIVE-CUTOVER-V4\PHASE-12-FIXED-MASTER-BOOTSTRAP.ps1","PHASE-12-FIXED-MASTER-BOOTSTRAP.ps1","24915","22/6/2026 7:21:25 AM"
"C:\Users\jep_edmundrulz\litigation-360-workspace\litigation-360-software-POLLUTED-ARCHIVE-CUTOVER-V4\PHASE-12.0A-SAFE-SSOT-DEPLOYMENT.ps1","PHASE-12.0A-SAFE-SSOT-DEPLOYMENT.ps1","56505","21/6/2026 11:41:28 PM"
"C:\Users\jep_edmundrulz\litigation-360-workspace\litigation-360-software-POLLUTED-ARCHIVE-CUTOVER-V4\PHASE-12.0B-SAFE-FEATURE-EXPLORATION-LAB-UNLOCK.ps1","PHASE-12.0B-SAFE-FEATURE-EXPLORATION-LAB-UNLOCK.ps1","24332","22/6/2026 12:25:01 AM"
"C:\Users\jep_edmundrulz\litigation-360-workspace\litigation-360-software-POLLUTED-ARCHIVE-CUTOVER-V4\PHASE-12.0C-FAST-READONLY-PROJECT-DISCOVERY.ps1","PHASE-12.0C-FAST-READONLY-PROJECT-DISCOVERY.ps1","14783","22/6/2026 7:28:18 AM"
"C:\Users\jep_edmundrulz\litigation-360-workspace\litigation-360-software-POLLUTED-ARCHIVE-CUTOVER-V4\PHASE-12.0C-READONLY-PROJECT-DISCOVERY.ps1","PHASE-12.0C-READONLY-PROJECT-DISCOVERY.ps1","6699","22/6/2026 7:23:26 AM"
"C:\Users\jep_edmundrulz\litigation-360-workspace\litigation-360-software-POLLUTED-ARCHIVE-CUTOVER-V4\PHASE-12.0D-CREATE-FEATURE-CONNECTION-MATRIX.ps1","PHASE-12.0D-CREATE-FEATURE-CONNECTION-MATRIX.ps1","11797","22/6/2026 7:50:36 AM"
"C:\Users\jep_edmundrulz\litigation-360-workspace\litigation-360-software-POLLUTED-ARCHIVE-CUTOVER-V4\PHASE-12.0E-CLEAN-FEATURE-CONNECTION-VERIFICATION.ps1","PHASE-12.0E-CLEAN-FEATURE-CONNECTION-VERIFICATION.ps1","19667","22/6/2026 7:59:09 AM"
"C:\Users\jep_edmundrulz\litigation-360-workspace\litigation-360-software-POLLUTED-ARCHIVE-CUTOVER-V4\PHASE-12.0F-EXACT-ROUTE-API-DB-VERIFICATION.ps1","PHASE-12.0F-EXACT-ROUTE-API-DB-VERIFICATION.ps1","22429","22/6/2026 8:03:40 AM"
"C:\Users\jep_edmundrulz\litigation-360-workspace\litigation-360-software-POLLUTED-ARCHIVE-CUTOVER-V4\PHASE-12.0F-FIXED-EXACT-ROUTE-API-DB-VERIFICATION.ps1","PHASE-12.0F-FIXED-EXACT-ROUTE-API-DB-VERIFICATION.ps1","23282","22/6/2026 8:05:54 AM"
"C:\Users\jep_edmundrulz\litigation-360-workspace\litigation-360-software-POLLUTED-ARCHIVE-CUTOVER-V4\PHASE-12.0F-V2-EXACT-ROUTE-API-DB-VERIFICATION.ps1","PHASE-12.0F-V2-EXACT-ROUTE-API-DB-VERIFICATION.ps1","23392","22/6/2026 8:10:35 AM"
"C:\Users\jep_edmundrulz\litigation-360-workspace\litigation-360-software-POLLUTED-ARCHIVE-CUTOVER-V4\PHASE-12.0G-GET-ONLY-LAB-SMOKE-TESTS.ps1","PHASE-12.0G-GET-ONLY-LAB-SMOKE-TESTS.ps1","17206","22/6/2026 8:31:24 AM"
"C:\Users\jep_edmundrulz\litigation-360-workspace\litigation-360-software-POLLUTED-ARCHIVE-CUTOVER-V4\PHASE-12.0H-MANUAL-BROWSER-VERIFICATION-PACK.ps1","PHASE-12.0H-MANUAL-BROWSER-VERIFICATION-PACK.ps1","8475","22/6/2026 9:41:58 AM"
"C:\Users\jep_edmundrulz\litigation-360-workspace\litigation-360-software-POLLUTED-ARCHIVE-CUTOVER-V4\PHASE-12.0K-LEGAL-INTERFACE-UI-PROTOTYPE-PACK.ps1","PHASE-12.0K-LEGAL-INTERFACE-UI-PROTOTYPE-PACK.ps1","23106","22/6/2026 10:11:03 AM"
"C:\Users\jep_edmundrulz\litigation-360-workspace\litigation-360-software-POLLUTED-ARCHIVE-CUTOVER-V4\PHASE-12.0L-CONTROLLED-FRONTEND-INTEGRATION-PLAN.ps1","PHASE-12.0L-CONTROLLED-FRONTEND-INTEGRATION-PLAN.ps1","15300","22/6/2026 10:22:55 AM"
"C:\Users\jep_edmundrulz\litigation-360-workspace\litigation-360-software-POLLUTED-ARCHIVE-CUTOVER-V4\PHASE-12.0L-V2-CONTROLLED-FRONTEND-INTEGRATION-PLAN.ps1","PHASE-12.0L-V2-CONTROLLED-FRONTEND-INTEGRATION-PLAN.ps1","15622","22/6/2026 10:40:26 AM"
"C:\Users\jep_edmundrulz\litigation-360-workspace\litigation-360-software-POLLUTED-ARCHIVE-CUTOVER-V4\PHASE-12.0M-CONTROLLED-ACTIVE-FRONTEND-INTEGRATION.ps1","PHASE-12.0M-CONTROLLED-ACTIVE-FRONTEND-INTEGRATION.ps1","18525","22/6/2026 10:58:57 AM"
"C:\Users\jep_edmundrulz\litigation-360-workspace\litigation-360-software-POLLUTED-ARCHIVE-CUTOVER-V4\PHASE-12.0N-ACTIVE-LEGAL-UI-ENHANCER-INJECTION.ps1","PHASE-12.0N-ACTIVE-LEGAL-UI-ENHANCER-INJECTION.ps1","28519","22/6/2026 12:13:45 PM"
"C:\Users\jep_edmundrulz\litigation-360-workspace\litigation-360-software-POLLUTED-ARCHIVE-CUTOVER-V4\PHASE-12.0N-R2-PROFESSIONAL-LEGAL-TOOLS-APP-LAUNCHER-FIX.ps1","PHASE-12.0N-R2-PROFESSIONAL-LEGAL-TOOLS-APP-LAUNCHER-FIX.ps1","33960","22/6/2026 12:53:49 PM"
"C:\Users\jep_edmundrulz\litigation-360-workspace\litigation-360-software-POLLUTED-ARCHIVE-CUTOVER-V4\PHASE-12.0N-R3-LEGAL-ONLY-WEB-SHORTCUT-MANAGER-AMENDMENT.ps1","PHASE-12.0N-R3-LEGAL-ONLY-WEB-SHORTCUT-MANAGER-AMENDMENT.ps1","37496","22/6/2026 1:02:20 PM"
"C:\Users\jep_edmundrulz\litigation-360-workspace\litigation-360-software-POLLUTED-ARCHIVE-CUTOVER-V4\PHASE-12.0N-R4-NON-BLOCKING-RIGHT-SIDE-LEGAL-TOOLS-DOCK-FIX.ps1","PHASE-12.0N-R4-NON-BLOCKING-RIGHT-SIDE-LEGAL-TOOLS-DOCK-FIX.ps1","12173","22/6/2026 1:31:53 PM"
"C:\Users\jep_edmundrulz\litigation-360-workspace\litigation-360-software-POLLUTED-ARCHIVE-CUTOVER-V4\PHASE-12.0N-R4-SIDEBAR-INTEGRATED-LEGAL-TOOLS-FIX.ps1","PHASE-12.0N-R4-SIDEBAR-INTEGRATED-LEGAL-TOOLS-FIX.ps1","42013","22/6/2026 1:38:17 PM"
"C:\Users\jep_edmundrulz\litigation-360-workspace\litigation-360-software-POLLUTED-ARCHIVE-CUTOVER-V4\PHASE-12.0N-R5-LEGAL-ICONOGRAPHY-ENHANCEMENT.ps1","PHASE-12.0N-R5-LEGAL-ICONOGRAPHY-ENHANCEMENT.ps1","48637","22/6/2026 1:43:55 PM"
"C:\Users\jep_edmundrulz\litigation-360-workspace\litigation-360-software-POLLUTED-ARCHIVE-CUTOVER-V4\PHASE-12.0N-R5A-CLIENTS-JSX-PARSE-FIX.ps1","PHASE-12.0N-R5A-CLIENTS-JSX-PARSE-FIX.ps1","8765","22/6/2026 2:03:24 PM"
"C:\Users\jep_edmundrulz\litigation-360-workspace\litigation-360-software-POLLUTED-ARCHIVE-CUTOVER-V4\PHASE-12.0N-R5B-CLIENTS-JSX-FIELDLABEL-CORRUPTION-SWEEP.ps1","PHASE-12.0N-R5B-CLIENTS-JSX-FIELDLABEL-CORRUPTION-SWEEP.ps1","11663","22/6/2026 2:12:42 PM"
"C:\Users\jep_edmundrulz\litigation-360-workspace\litigation-360-software-POLLUTED-ARCHIVE-CUTOVER-V4\PHASE-12.0N-R5D-CLIENTS-JSX-FUNCTION-NAME-CORRUPTION-FIX.ps1","PHASE-12.0N-R5D-CLIENTS-JSX-FUNCTION-NAME-CORRUPTION-FIX.ps1","11460","22/6/2026 2:16:51 PM"
"C:\Users\jep_edmundrulz\litigation-360-workspace\litigation-360-software-POLLUTED-ARCHIVE-CUTOVER-V4\PHASE-12.0N-R5E-CLIENTS-JSX-READONLY-FORENSIC-CHECK.ps1","PHASE-12.0N-R5E-CLIENTS-JSX-READONLY-FORENSIC-CHECK.ps1","8581","22/6/2026 2:21:33 PM"
"C:\Users\jep_edmundrulz\litigation-360-workspace\litigation-360-software-POLLUTED-ARCHIVE-CUTOVER-V4\PHASE-12.0N-R5F-CLIENTS-JSX-GENDER-TOKEN-CORRUPTION-FIX.ps1","PHASE-12.0N-R5F-CLIENTS-JSX-GENDER-TOKEN-CORRUPTION-FIX.ps1","15309","22/6/2026 2:26:17 PM"
"C:\Users\jep_edmundrulz\litigation-360-workspace\litigation-360-software-POLLUTED-ARCHIVE-CUTOVER-V4\PHASE-12.0N-R5G-CLIENTS-JSX-REMAINING-STAR-TOKEN-SWEEP.ps1","PHASE-12.0N-R5G-CLIENTS-JSX-REMAINING-STAR-TOKEN-SWEEP.ps1","15457","22/6/2026 2:30:07 PM"
"C:\Users\jep_edmundrulz\litigation-360-workspace\litigation-360-software-POLLUTED-ARCHIVE-CUTOVER-V4\PHASE-12.0N-R5H-CLIENTS-JSX-REQUIRED-MARKER-FIX.ps1","PHASE-12.0N-R5H-CLIENTS-JSX-REQUIRED-MARKER-FIX.ps1","11093","22/6/2026 2:37:27 PM"
"C:\Users\jep_edmundrulz\litigation-360-workspace\litigation-360-software-POLLUTED-ARCHIVE-CUTOVER-V4\PHASE-12.0N-R5I-CLIENTS-JSX-STRUCTURE-RESTORATION.ps1","PHASE-12.0N-R5I-CLIENTS-JSX-STRUCTURE-RESTORATION.ps1","21388","22/6/2026 2:44:23 PM"
"C:\Users\jep_edmundrulz\litigation-360-workspace\litigation-360-software-POLLUTED-ARCHIVE-CUTOVER-V4\PHASE-12.0N-R5J-CLIENTS-JSX-DUPLICATE-ISBLANK-FIX.ps1","PHASE-12.0N-R5J-CLIENTS-JSX-DUPLICATE-ISBLANK-FIX.ps1","12981","22/6/2026 2:54:04 PM"
"C:\Users\jep_edmundrulz\litigation-360-workspace\litigation-360-software-POLLUTED-ARCHIVE-CUTOVER-V4\PHASE12_0E_CREATE_DISCOVERY_PACK_FIXED2_NOCLOSE.ps1","PHASE12_0E_CREATE_DISCOVERY_PACK_FIXED2_NOCLOSE.ps1","57090","23/6/2026 9:42:38 AM"
"C:\Users\jep_edmundrulz\litigation-360-workspace\litigation-360-software-POLLUTED-ARCHIVE-CUTOVER-V4\PHASE12_0F_CREATE_BACKEND_DB_PLANNING_PACK.ps1","PHASE12_0F_CREATE_BACKEND_DB_PLANNING_PACK.ps1","48299","23/6/2026 10:27:29 AM"
"C:\Users\jep_edmundrulz\litigation-360-workspace\litigation-360-software-POLLUTED-ARCHIVE-CUTOVER-V4\PHASE12_0G_CREATE_ACTIVE_DB_IDENTIFICATION_PACK_V2_BASE64SAFE.ps1","PHASE12_0G_CREATE_ACTIVE_DB_IDENTIFICATION_PACK_V2_BASE64SAFE.ps1","14226","23/6/2026 6:46:32 PM"
"C:\Users\jep_edmundrulz\litigation-360-workspace\litigation-360-software-POLLUTED-ARCHIVE-CUTOVER-V4\PHASE12_0G_CREATE_ACTIVE_DB_IDENTIFICATION_PACK.ps1","PHASE12_0G_CREATE_ACTIVE_DB_IDENTIFICATION_PACK.ps1","52145","23/6/2026 1:12:44 PM"
"C:\Users\jep_edmundrulz\litigation-360-workspace\litigation-360-software-POLLUTED-ARCHIVE-CUTOVER-V4\phase6-today-runner.bat","phase6-today-runner.bat","4408","15/6/2026 11:29:22 AM"
"C:\Users\jep_edmundrulz\litigation-360-workspace\litigation-360-software-POLLUTED-ARCHIVE-CUTOVER-V4\PHASE7C-AUTO-CRUD-SMOKE.bat","PHASE7C-AUTO-CRUD-SMOKE.bat","1476","17/6/2026 9:26:18 AM"
"C:\Users\jep_edmundrulz\litigation-360-workspace\litigation-360-software-POLLUTED-ARCHIVE-CUTOVER-V4\PHASE7C-AUTO-ROUTE-TESTS.bat","PHASE7C-AUTO-ROUTE-TESTS.bat","1204","17/6/2026 9:20:44 AM"
"C:\Users\jep_edmundrulz\litigation-360-workspace\litigation-360-software-POLLUTED-ARCHIVE-CUTOVER-V4\PHASE7C-AUTO-SECURITY-TESTS.bat","PHASE7C-AUTO-SECURITY-TESTS.bat","842","17/6/2026 9:24:06 AM"
"C:\Users\jep_edmundrulz\litigation-360-workspace\litigation-360-software-POLLUTED-ARCHIVE-CUTOVER-V4\PHASE7C-CLOSEOUT-TO-PHASE8.bat","PHASE7C-CLOSEOUT-TO-PHASE8.bat","5219","17/6/2026 10:50:56 AM"
"C:\Users\jep_edmundrulz\litigation-360-workspace\litigation-360-software-POLLUTED-ARCHIVE-CUTOVER-V4\PREVIOUS-PAGE-BUTTON-FIX-V4.ps1","PREVIOUS-PAGE-BUTTON-FIX-V4.ps1","11574","22/6/2026 8:39:19 AM"
"C:\Users\jep_edmundrulz\litigation-360-workspace\litigation-360-software-POLLUTED-ARCHIVE-CUTOVER-V4\RESTORE-AND-PATCH-PREVIOUS-PAGE-FINAL.ps1","RESTORE-AND-PATCH-PREVIOUS-PAGE-FINAL.ps1","12105","22/6/2026 8:36:48 AM"
"C:\Users\jep_edmundrulz\litigation-360-workspace\litigation-360-software-POLLUTED-ARCHIVE-CUTOVER-V4\RUN_L360_ECC_SCANNER.bat","RUN_L360_ECC_SCANNER.bat","207","18/6/2026 9:00:41 PM"
"C:\Users\jep_edmundrulz\litigation-360-workspace\litigation-360-software-POLLUTED-ARCHIVE-CUTOVER-V4\RUN_PHASE10_FINAL_CLOSEOUT_VALIDATION.bat","RUN_PHASE10_FINAL_CLOSEOUT_VALIDATION.bat","193","21/6/2026 5:02:43 PM"
"C:\Users\jep_edmundrulz\litigation-360-workspace\litigation-360-software-POLLUTED-ARCHIVE-CUTOVER-V4\RUN_PHASE10ZZZ1_REPOSITORY_GOVERNANCE_AUDIT.bat","RUN_PHASE10ZZZ1_REPOSITORY_GOVERNANCE_AUDIT.bat","186","21/6/2026 5:15:42 PM"
"C:\Users\jep_edmundrulz\litigation-360-workspace\litigation-360-software-POLLUTED-ARCHIVE-CUTOVER-V4\RUN-L360-MASTER-SYSTEM-AUDIT.bat","RUN-L360-MASTER-SYSTEM-AUDIT.bat","276","21/6/2026 9:10:07 AM"
"C:\Users\jep_edmundrulz\litigation-360-workspace\litigation-360-software-POLLUTED-ARCHIVE-CUTOVER-V4\RUN-L360-SAFE-CLEANUP-V3.bat","RUN-L360-SAFE-CLEANUP-V3.bat","193","18/6/2026 5:45:11 PM"
"C:\Users\jep_edmundrulz\litigation-360-workspace\litigation-360-software-POLLUTED-ARCHIVE-CUTOVER-V4\RUN-PHASE-10ZF-CLOSEOUT.bat","RUN-PHASE-10ZF-CLOSEOUT.bat","1801","19/6/2026 4:48:49 PM"
"C:\Users\jep_edmundrulz\litigation-360-workspace\litigation-360-software-POLLUTED-ARCHIVE-CUTOVER-V4\RUN-PHASE-12.0C-READONLY-DISCOVERY.bat","RUN-PHASE-12.0C-READONLY-DISCOVERY.bat","184","22/6/2026 7:23:26 AM"
"C:\Users\jep_edmundrulz\litigation-360-workspace\litigation-360-software-POLLUTED-ARCHIVE-CUTOVER-V4\scriptsDEPLOY-PHASE-10ZG.ps1","scriptsDEPLOY-PHASE-10ZG.ps1","9176","19/6/2026 5:35:05 PM"
"C:\Users\jep_edmundrulz\litigation-360-workspace\litigation-360-software-POLLUTED-ARCHIVE-CUTOVER-V4\START_L360_ECC_DASHBOARD.bat","START_L360_ECC_DASHBOARD.bat","365","18/6/2026 8:33:22 PM"
"C:\Users\jep_edmundrulz\litigation-360-workspace\litigation-360-software-POLLUTED-ARCHIVE-CUTOVER-V4\START-L360-CLEAN.bat","START-L360-CLEAN.bat","1802","19/6/2026 5:30:15 PM"
"C:\Users\jep_edmundrulz\litigation-360-workspace\litigation-360-software-POLLUTED-ARCHIVE-CUTOVER-V4\START-L360.bat","START-L360.bat","543","17/6/2026 6:59:24 PM"
"C:\Users\jep_edmundrulz\litigation-360-workspace\litigation-360-software-POLLUTED-ARCHIVE-CUTOVER-V4\stop-dev-admin.bat","stop-dev-admin.bat","285","14/6/2026 4:33:14 PM"
"C:\Users\jep_edmundrulz\litigation-360-workspace\litigation-360-software-POLLUTED-ARCHIVE-CUTOVER-V4\STOP-L360.bat","STOP-L360.bat","138","17/6/2026 6:59:24 PM"
"C:\Users\jep_edmundrulz\litigation-360-workspace\litigation-360-software-POLLUTED-ARCHIVE-CUTOVER-V4\TIDY_FOLDER_SAFE.bat","TIDY_FOLDER_SAFE.bat","3080","20/6/2026 6:40:21 AM"
"C:\Users\jep_edmundrulz\litigation-360-workspace\litigation-360-software-POLLUTED-ARCHIVE-CUTOVER-V4\V7-FIX-APP-NAV-CLIENT-FORM-ALIGNMENT-RELATIONSHIP.ps1","V7-FIX-APP-NAV-CLIENT-FORM-ALIGNMENT-RELATIONSHIP.ps1","21190","22/6/2026 1:03:02 PM"
"C:\Users\jep_edmundrulz\litigation-360-workspace\litigation-360-software-POLLUTED-ARCHIVE-CUTOVER-V4\verify-phase6-readonly.bat","verify-phase6-readonly.bat","929","14/6/2026 6:24:14 PM"
