"FullName","Length","LastWriteTime"
"C:\Users\jep_edmundrulz\litigation-360-workspace\litigation-360-software-POLLUTED-ARCHIVE-CUTOVER-V4\litigation360.db","0","21/6/2026 10:59:58 AM"
"C:\Users\jep_edmundrulz\litigation-360-workspace\litigation-360-software-POLLUTED-ARCHIVE-CUTOVER-V4\backend\litigation360.db","196608","24/6/2026 1:02:53 PM"
"C:\Users\jep_edmundrulz\litigation-360-workspace\litigation-360-software-POLLUTED-ARCHIVE-CUTOVER-V4\backups\phase10-baseline\20260621-162249\backend\litigation360.db","180224","18/6/2026 4:43:31 PM"
"C:\Users\jep_edmundrulz\litigation-360-workspace\litigation-360-software-POLLUTED-ARCHIVE-CUTOVER-V4\backups\phase10-baseline\20260621-162249\backups\phase10-baseline\20260621-162249\backend\litigation360.db","180224","18/6/2026 4:43:31 PM"
"C:\Users\jep_edmundrulz\litigation-360-workspace\litigation-360-software-POLLUTED-ARCHIVE-CUTOVER-V4\backups\phase10-baseline\20260621-162249\backups\phase10-baseline\20260621-162249\backups\phase10-baseline\20260621-162249\backend\litigation360.db","180224","18/6/2026 4:43:31 PM"
"C:\Users\jep_edmundrulz\litigation-360-workspace\litigation-360-software-POLLUTED-ARCHIVE-CUTOVER-V4\backups\phase10-baseline\20260621-162249\backups\phase10-baseline\20260621-162249\backups\phase10-baseline\20260621-162249\backups\phase10-baseline\20260621-162249\backend\litigation360.db","180224","18/6/2026 4:43:31 PM"
"C:\Users\jep_edmundrulz\litigation-360-workspace\litigation-360-software-POLLUTED-ARCHIVE-CUTOVER-V4\backups\phase10-baseline\20260621-162249\backups\phase10-baseline\20260621-162249\backups\phase10-baseline\20260621-162249\backups\phase10-baseline\20260621-162249\backups\phase10-baseline\20260621-162249\backend\litigation360.db","180224","18/6/2026 4:43:31 PM"
"C:\Users\jep_edmundrulz\litigation-360-workspace\litigation-360-software-POLLUTED-ARCHIVE-CUTOVER-V4\backups\phase10-baseline\20260621-162249\backups\phase10-baseline\20260621-162249\backups\phase10-baseline\20260621-162249\backups\phase10-baseline\20260621-162249\backups\phase10-baseline\20260621-162249\backups\phase10-baseline\20260621-162249\backend\litigation360.db","180224","18/6/2026 4:43:31 PM"
"C:\Users\jep_edmundrulz\litigation-360-workspace\litigation-360-software-POLLUTED-ARCHIVE-CUTOVER-V4\backups\phase10-baseline\20260621-162249\backups\phase10-baseline\20260621-162249\backups\phase10-baseline\20260621-162249\backups\phase10-baseline\20260621-162249\backups\phase10-baseline\20260621-162249\backups\phase10-baseline\20260621-162249\backups\phase10-baseline\20260621-162249\backend\litigation360.db","180224","18/6/2026 4:43:31 PM"
"C:\Users\jep_edmundrulz\litigation-360-workspace\litigation-360-software-POLLUTED-ARCHIVE-CUTOVER-V4\backups\phase10-baseline\20260621-162249\backups\phase10-baseline\20260621-162249\backups\phase10-baseline\20260621-162249\backups\phase10-baseline\20260621-162249\backups\phase10-baseline\20260621-162249\backups\phase10-baseline\20260621-162249\backups\phase10-baseline\20260621-162249\backups\phase10-baseline\20260621-162249\backend\litigation360.db","180224","18/6/2026 4:43:31 PM"
"C:\Users\jep_edmundrulz\litigation-360-workspace\litigation-360-software-POLLUTED-ARCHIVE-CUTOVER-V4\backups\phase10-baseline\20260621-162249\backups\phase10-baseline\20260621-162249\backups\phase10-baseline\20260621-162249\backups\phase10-baseline\20260621-162249\backups\phase10-baseline\20260621-162249\backups\phase10-baseline\20260621-162249\backups\phase10-baseline\20260621-162249\backups\phase10-baseline\20260621-162249\backups\phase10-baseline\20260621-162249\backend\litigation360.db","180224","18/6/2026 4:43:31 PM"
"C:\Users\jep_edmundrulz\litigation-360-workspace\litigation-360-software-POLLUTED-ARCHIVE-CUTOVER-V4\backups\phase10-baseline\20260621-162249\backups\phase10-baseline\20260621-162249\backups\phase10-baseline\20260621-162249\backups\phase10-baseline\20260621-162249\backups\phase10-baseline\20260621-162249\backups\phase10-baseline\20260621-162249\backups\phase10-baseline\20260621-162249\backups\phase10-baseline\20260621-162249\backups\phase10-baseline\20260621-162249\backups\phase10-baseline\20260621-162249\backend\litigation360.db","180224","18/6/2026 4:43:31 PM"
"C:\Users\jep_edmundrulz\litigation-360-workspace\litigation-360-software-POLLUTED-ARCHIVE-CUTOVER-V4\backups\phase10-baseline\20260621-162249\backups\phase10-baseline\20260621-162249\backups\phase10-baseline\20260621-162249\backups\phase10-baseline\20260621-162249\backups\phase10-baseline\20260621-162249\backups\phase10-baseline\20260621-162249\backups\phase10-baseline\20260621-162249\backups\phase10-baseline\20260621-162249\backups\phase10-baseline\20260621-162249\backups\phase10-baseline\20260621-162249\backups\phase10-baseline\20260621-162249\backend\litigation360.db","180224","18/6/2026 4:43:31 PM"
"C:\Users\jep_edmundrulz\litigation-360-workspace\litigation-360-software-POLLUTED-ARCHIVE-CUTOVER-V4\backups\phase10-baseline\20260621-162249\backups\phase10-baseline\20260621-162249\backups\phase10-baseline\20260621-162249\backups\phase10-baseline\20260621-162249\backups\phase10-baseline\20260621-162249\backups\phase10-baseline\20260621-162249\backups\phase10-baseline\20260621-162249\backups\phase10-baseline\20260621-162249\backups\phase10-baseline\20260621-162249\backups\phase10-baseline\20260621-162249\backups\phase10-baseline\20260621-162249\backups\phase10-baseline\20260621-162249\backend\litigation360.db","180224","18/6/2026 4:43:31 PM"
"C:\Users\jep_edmundrulz\litigation-360-workspace\litigation-360-software-POLLUTED-ARCHIVE-CUTOVER-V4\backups\phase10-baseline\20260621-162249\backups\phase10-baseline\20260621-162249\backups\phase10-baseline\20260621-162249\backups\phase10-baseline\20260621-162249\backups\phase10-baseline\20260621-162249\backups\phase10-baseline\20260621-162249\backups\phase10-baseline\20260621-162249\backups\phase10-baseline\20260621-162249\backups\phase10-baseline\20260621-162249\backups\phase10-baseline\20260621-162249\backups\phase10-baseline\20260621-162249\backups\phase10-baseline\20260621-162249\backups\phase10-baseline\20260621-162249\backend\litigation360.db","180224","18/6/2026 4:43:31 PM"
"C:\Users\jep_edmundrulz\litigation-360-workspace\litigation-360-software-POLLUTED-ARCHIVE-CUTOVER-V4\backups\phase10-baseline\20260621-162249\backups\phase10-baseline\20260621-162249\backups\phase10-baseline\20260621-162249\backups\phase10-baseline\20260621-162249\backups\phase10-baseline\20260621-162249\backups\phase10-baseline\20260621-162249\backups\phase10-baseline\20260621-162249\backups\phase10-baseline\20260621-162249\backups\phase10-baseline\20260621-162249\backups\phase10-baseline\20260621-162249\backups\phase10-baseline\20260621-162249\backups\phase10-baseline\20260621-162249\backups\phase10-baseline\20260621-162249\backups\phase10-baseline\20260621-162249\backend\litigation360.db","180224","18/6/2026 4:43:31 PM"
"C:\Users\jep_edmundrulz\litigation-360-workspace\litigation-360-software-POLLUTED-ARCHIVE-CUTOVER-V4\backups\phase10-baseline\20260621-162249\backups\phase10-baseline\20260621-162249\backups\phase10-baseline\20260621-162249\backups\phase10-baseline\20260621-162249\backups\phase10-baseline\20260621-162249\backups\phase10-baseline\20260621-162249\backups\phase10-baseline\20260621-162249\backups\phase10-baseline\20260621-162249\backups\phase10-baseline\20260621-162249\backups\phase10-baseline\20260621-162249\backups\phase10-baseline\20260621-162249\backups\phase10-baseline\20260621-162249\backups\phase10-baseline\20260621-162249\backups\phase10-baseline\20260621-162249\backups\phase10-baseline\20260621-162249\backend\litigation360.db","180224","18/6/2026 4:43:31 PM"
"C:\Users\jep_edmundrulz\litigation-360-workspace\litigation-360-software-POLLUTED-ARCHIVE-CUTOVER-V4\backups\phase10-baseline\20260621-162249\backups\phase10-baseline\20260621-162249\backups\phase10-baseline\20260621-162249\backups\phase10-baseline\20260621-162249\backups\phase10-baseline\20260621-162249\backups\phase10-baseline\20260621-162249\backups\phase10-baseline\20260621-162249\backups\phase10-baseline\20260621-162249\backups\phase10-baseline\20260621-162249\backups\phase10-baseline\20260621-162249\backups\phase10-baseline\20260621-162249\backups\phase10-baseline\20260621-162249\backups\phase10-baseline\20260621-162249\backups\phase10-baseline\20260621-162249\backups\phase10-baseline\20260621-162249\backups\phase10-baseline\20260621-162249\backend\litigation360.db","180224","18/6/2026 4:43:31 PM"
"C:\Users\jep_edmundrulz\litigation-360-workspace\litigation-360-software-POLLUTED-ARCHIVE-CUTOVER-V4\backups\phase10-baseline\20260621-162249\backups\phase10-baseline\20260621-162249\backups\phase10-baseline\20260621-162249\backups\phase10-baseline\20260621-162249\backups\phase10-baseline\20260621-162249\backups\phase10-baseline\20260621-162249\backups\phase10-baseline\20260621-162249\backups\phase10-baseline\20260621-162249\backups\phase10-baseline\20260621-162249\backups\phase10-baseline\20260621-162249\backups\phase10-baseline\20260621-162249\backups\phase10-baseline\20260621-162249\backups\phase10-baseline\20260621-162249\backups\phase10-baseline\20260621-162249\backups\phase10-baseline\20260621-162249\backups\phase10-baseline\20260621-162249\backups\phase10-baseline\20260621-162249\backend\litigation360.db","180224","18/6/2026 4:43:31 PM"
"C:\Users\jep_edmundrulz\litigation-360-workspace\litigation-360-software-POLLUTED-ARCHIVE-CUTOVER-V4\backups\phase10-baseline\20260621-162249\backups\phase10-baseline\20260621-162249\backups\phase10-baseline\20260621-162249\backups\phase10-baseline\20260621-162249\backups\phase10-baseline\20260621-162249\backups\phase10-baseline\20260621-162249\backups\phase10-baseline\20260621-162249\backups\phase10-baseline\20260621-162249\backups\phase10-baseline\20260621-162249\backups\phase10-baseline\20260621-162249\backups\phase10-baseline\20260621-162249\backups\phase10-baseline\20260621-162249\backups\phase10-baseline\20260621-162249\backups\phase10-baseline\20260621-162249\backups\phase10-baseline\20260621-162249\backups\phase10-baseline\20260621-162249\backups\phase10-baseline\20260621-162249\backups\phase10-baseline\20260621-162249\backend\litigation360.db","180224","18/6/2026 4:43:31 PM"
"C:\Users\jep_edmundrulz\litigation-360-workspace\litigation-360-software-POLLUTED-ARCHIVE-CUTOVER-V4\backups\phase10-baseline\20260621-162249\backups\phase10-baseline\20260621-162249\backups\phase10-baseline\20260621-162249\backups\phase10-baseline\20260621-162249\backups\phase10-baseline\20260621-162249\backups\phase10-baseline\20260621-162249\backups\phase10-baseline\20260621-162249\backups\phase10-baseline\20260621-162249\backups\phase10-baseline\20260621-162249\backups\phase10-baseline\20260621-162249\backups\phase10-baseline\20260621-162249\backups\phase10-baseline\20260621-162249\backups\phase10-baseline\20260621-162249\backups\phase10-baseline\20260621-162249\backups\phase10-baseline\20260621-162249\backups\phase10-baseline\20260621-162249\backups\phase10-baseline\20260621-162249\backups\phase10-baseline\20260621-162249\backups\phase10-baseline\20260621-162249\backend\litigation360.db","180224","18/6/2026 4:43:31 PM"
"C:\Users\jep_edmundrulz\litigation-360-workspace\litigation-360-software-POLLUTED-ARCHIVE-CUTOVER-V4\backups\phase10-baseline\20260621-162249\backups\phase10-baseline\20260621-162249\backups\phase10-baseline\20260621-162249\backups\phase10-baseline\20260621-162249\backups\phase10-baseline\20260621-162249\backups\phase10-baseline\20260621-162249\backups\phase10-baseline\20260621-162249\backups\phase10-baseline\20260621-162249\backups\phase10-baseline\20260621-162249\backups\phase10-baseline\20260621-162249\backups\phase10-baseline\20260621-162249\backups\phase10-baseline\20260621-162249\backups\phase10-baseline\20260621-162249\backups\phase10-baseline\20260621-162249\backups\phase10-baseline\20260621-162249\backups\phase10-baseline\20260621-162249\backups\phase10-baseline\20260621-162249\backups\phase10-baseline\20260621-162249\backups\phase10-baseline\20260621-162249\backups\phase10-baseline\20260621-162249\backend\litigation360.db","180224","18/6/2026 4:43:31 PM"
"C:\Users\jep_edmundrulz\litigation-360-workspace\litigation-360-software-POLLUTED-ARCHIVE-CUTOVER-V4\backups\phase10-baseline\20260621-162249\backups\phase10-baseline\20260621-162249\backups\phase10-baseline\20260621-162249\backups\phase10-baseline\20260621-162249\backups\phase10-baseline\20260621-162249\backups\phase10-baseline\20260621-162249\backups\phase10-baseline\20260621-162249\backups\phase10-baseline\20260621-162249\backups\phase10-baseline\20260621-162249\backups\phase10-baseline\20260621-162249\backups\phase10-baseline\20260621-162249\backups\phase10-baseline\20260621-162249\backups\phase10-baseline\20260621-162249\backups\phase10-baseline\20260621-162249\backups\phase10-baseline\20260621-162249\backups\phase10-baseline\20260621-162249\backups\phase10-baseline\20260621-162249\backups\phase10-baseline\20260621-162249\backups\phase10-baseline\20260621-162249\backups\phase10-baseline\20260621-162249\backups\phase10-baseline\20260621-162249\backend\litigation360.db","180224","18/6/2026 4:43:31 PM"
"C:\Users\jep_edmundrulz\litigation-360-workspace\litigation-360-software-POLLUTED-ARCHIVE-CUTOVER-V4\backups\phase10-baseline\20260621-162249\backups\phase10-baseline\20260621-162249\backups\phase10-baseline\20260621-162249\backups\phase10-baseline\20260621-162249\backups\phase10-baseline\20260621-162249\backups\phase10-baseline\20260621-162249\backups\phase10-baseline\20260621-162249\backups\phase10-baseline\20260621-162249\backups\phase10-baseline\20260621-162249\backups\phase10-baseline\20260621-162249\backups\phase10-baseline\20260621-162249\backups\phase10-baseline\20260621-162249\backups\phase10-baseline\20260621-162249\backups\phase10-baseline\20260621-162249\backups\phase10-baseline\20260621-162249\backups\phase10-baseline\20260621-162249\backups\phase10-baseline\20260621-162249\backups\phase10-baseline\20260621-162249\backups\phase10-baseline\20260621-162249\backups\phase10-baseline\20260621-162249\backups\phase10-baseline\20260621-162249\backups\phase10-baseline\20260621-162249\backend\litigation360.db","180224","18/6/2026 4:43:31 PM"
"C:\Users\jep_edmundrulz\litigation-360-workspace\litigation-360-software-POLLUTED-ARCHIVE-CUTOVER-V4\backups\phase10-baseline\20260621-162249\backups\phase10-baseline\20260621-162249\backups\phase10-baseline\20260621-162249\backups\phase10-baseline\20260621-162249\backups\phase10-baseline\20260621-162249\backups\phase10-baseline\20260621-162249\backups\phase10-baseline\20260621-162249\backups\phase10-baseline\20260621-162249\backups\phase10-baseline\20260621-162249\backups\phase10-baseline\20260621-162249\backups\phase10-baseline\20260621-162249\backups\phase10-baseline\20260621-162249\backups\phase10-baseline\20260621-162249\backups\phase10-baseline\20260621-162249\backups\phase10-baseline\20260621-162249\backups\phase10-baseline\20260621-162249\backups\phase10-baseline\20260621-162249\backups\phase10-baseline\20260621-162249\backups\phase10-baseline\20260621-162249\backups\phase10-baseline\20260621-162249\backups\phase10-baseline\20260621-162249\backups\phase10-baseline\20260621-162249\backups\phase10-baseline\20260621-162249\backend\litigation360.db","180224","18/6/2026 4:43:31 PM"
"C:\Users\jep_edmundrulz\litigation-360-workspace\litigation-360-software-POLLUTED-ARCHIVE-CUTOVER-V4\backups\phase10-baseline\20260621-162249\backups\phase10-baseline\20260621-162249\backups\phase10-baseline\20260621-162249\backups\phase10-baseline\20260621-162249\backups\phase10-baseline\20260621-162249\backups\phase10-baseline\20260621-162249\backups\phase10-baseline\20260621-162249\backups\phase10-baseline\20260621-162249\backups\phase10-baseline\20260621-162249\backups\phase10-baseline\20260621-162249\backups\phase10-baseline\20260621-162249\backups\phase10-baseline\20260621-162249\backups\phase10-baseline\20260621-162249\backups\phase10-baseline\20260621-162249\backups\phase10-baseline\20260621-162249\backups\phase10-baseline\20260621-162249\backups\phase10-baseline\20260621-162249\backups\phase10-baseline\20260621-162249\backups\phase10-baseline\20260621-162249\backups\phase10-baseline\20260621-162249\backups\phase10-baseline\20260621-162249\backups\phase10-baseline\20260621-162249\backups\phase10-baseline\20260621-162249\backups\phase10-baseline\20260621-162249\backend\litigation360.db","180224","18/6/2026 4:43:31 PM"
"C:\Users\jep_edmundrulz\litigation-360-workspace\litigation-360-software-POLLUTED-ARCHIVE-CUTOVER-V4\backups\phase10-baseline\20260621-162249\backups\phase10-baseline\20260621-162249\backups\phase10-baseline\20260621-162249\backups\phase10-baseline\20260621-162249\backups\phase10-baseline\20260621-162249\backups\phase10-baseline\20260621-162249\backups\phase10-baseline\20260621-162249\backups\phase10-baseline\20260621-162249\backups\phase10-baseline\20260621-162249\backups\phase10-baseline\20260621-162249\backups\phase10-baseline\20260621-162249\backups\phase10-baseline\20260621-162249\backups\phase10-baseline\20260621-162249\backups\phase10-baseline\20260621-162249\backups\phase10-baseline\20260621-162249\backups\phase10-baseline\20260621-162249\backups\phase10-baseline\20260621-162249\backups\phase10-baseline\20260621-162249\backups\phase10-baseline\20260621-162249\backups\phase10-baseline\20260621-162249\backups\phase10-baseline\20260621-162249\backups\phase10-baseline\20260621-162249\backups\phase10-baseline\20260621-162249\backups\phase10-baseline\20260621-162249\backups\phase10-baseline\20260621-162249\backend\litigation360.db","180224","18/6/2026 4:43:31 PM"
"C:\Users\jep_edmundrulz\litigation-360-workspace\litigation-360-software-POLLUTED-ARCHIVE-CUTOVER-V4\backups\phase10-baseline\20260621-162249\backups\phase10-baseline\20260621-162249\backups\phase10-baseline\20260621-162249\backups\phase10-baseline\20260621-162249\backups\phase10-baseline\20260621-162249\backups\phase10-baseline\20260621-162249\backups\phase10-baseline\20260621-162249\backups\phase10-baseline\20260621-162249\backups\phase10-baseline\20260621-162249\backups\phase10-baseline\20260621-162249\backups\phase10-baseline\20260621-162249\backups\phase10-baseline\20260621-162249\backups\phase10-baseline\20260621-162249\backups\phase10-baseline\20260621-162249\backups\phase10-baseline\20260621-162249\backups\phase10-baseline\20260621-162249\backups\phase10-baseline\20260621-162249\backups\phase10-baseline\20260621-162249\backups\phase10-baseline\20260621-162249\backups\phase10-baseline\20260621-162249\backups\phase10-baseline\20260621-162249\backups\phase10-baseline\20260621-162249\backups\phase10-baseline\20260621-162249\backups\phase10-baseline\20260621-162249\backups\phase10-baseline\20260621-162249\backups\phase10-baseline\20260621-162249\backend\litigation360.db","180224","18/6/2026 4:43:31 PM"
"C:\Users\jep_edmundrulz\litigation-360-workspace\litigation-360-software-POLLUTED-ARCHIVE-CUTOVER-V4\backups\phase10-baseline\20260621-162249\backups\phase10-baseline\20260621-162249\backups\phase10-baseline\20260621-162249\backups\phase10-baseline\20260621-162249\backups\phase10-baseline\20260621-162249\backups\phase10-baseline\20260621-162249\backups\phase10-baseline\20260621-162249\backups\phase10-baseline\20260621-162249\backups\phase10-baseline\20260621-162249\backups\phase10-baseline\20260621-162249\backups\phase10-baseline\20260621-162249\backups\phase10-baseline\20260621-162249\backups\phase10-baseline\20260621-162249\backups\phase10-baseline\20260621-162249\backups\phase10-baseline\20260621-162249\backups\phase10-baseline\20260621-162249\backups\phase10-baseline\20260621-162249\backups\phase10-baseline\20260621-162249\backups\phase10-baseline\20260621-162249\backups\phase10-baseline\20260621-162249\backups\phase10-baseline\20260621-162249\backups\phase10-baseline\20260621-162249\backups\phase10-baseline\20260621-162249\backups\phase10-baseline\20260621-162249\backups\phase10-baseline\20260621-162249\backups\phase10-baseline\20260621-162249\backups\phase10-baseline\20260621-162249\backend\litigation360.db","180224","18/6/2026 4:43:31 PM"
"C:\Users\jep_edmundrulz\litigation-360-workspace\litigation-360-software-POLLUTED-ARCHIVE-CUTOVER-V4\backups\phase10-baseline\20260621-162249\backups\phase10-baseline\20260621-162249\backups\phase10-baseline\20260621-162249\backups\phase10-baseline\20260621-162249\backups\phase10-baseline\20260621-162249\backups\phase10-baseline\20260621-162249\backups\phase10-baseline\20260621-162249\backups\phase10-baseline\20260621-162249\backups\phase10-baseline\20260621-162249\backups\phase10-baseline\20260621-162249\backups\phase10-baseline\20260621-162249\backups\phase10-baseline\20260621-162249\backups\phase10-baseline\20260621-162249\backups\phase10-baseline\20260621-162249\backups\phase10-baseline\20260621-162249\backups\phase10-baseline\20260621-162249\backups\phase10-baseline\20260621-162249\backups\phase10-baseline\20260621-162249\backups\phase10-baseline\20260621-162249\backups\phase10-baseline\20260621-162249\backups\phase10-baseline\20260621-162249\backups\phase10-baseline\20260621-162249\backups\phase10-baseline\20260621-162249\backups\phase10-baseline\20260621-162249\backups\phase10-baseline\20260621-162249\backups\phase10-baseline\20260621-162249\backups\phase10-baseline\20260621-162249\backups\phase10-baseline\20260621-162249\backend\litigation360.db","180224","18/6/2026 4:43:31 PM"
"C:\Users\jep_edmundrulz\litigation-360-workspace\litigation-360-software-POLLUTED-ARCHIVE-CUTOVER-V4\backups\phase10-baseline\20260621-162249\backups\phase10-baseline\20260621-162249\backups\phase10-baseline\20260621-162249\backups\phase10-baseline\20260621-162249\backups\phase10-baseline\20260621-162249\backups\phase10-baseline\20260621-162249\backups\phase10-baseline\20260621-162249\backups\phase10-baseline\20260621-162249\backups\phase10-baseline\20260621-162249\backups\phase10-baseline\20260621-162249\backups\phase10-baseline\20260621-162249\backups\phase10-baseline\20260621-162249\backups\phase10-baseline\20260621-162249\backups\phase10-baseline\20260621-162249\backups\phase10-baseline\20260621-162249\backups\phase10-baseline\20260621-162249\backups\phase10-baseline\20260621-162249\backups\phase10-baseline\20260621-162249\backups\phase10-baseline\20260621-162249\backups\phase10-baseline\20260621-162249\backups\phase10-baseline\20260621-162249\backups\phase10-baseline\20260621-162249\backups\phase10-baseline\20260621-162249\backups\phase10-baseline\20260621-162249\backups\phase10-baseline\20260621-162249\backups\phase10-baseline\20260621-162249\backups\phase10-baseline\20260621-162249\backups\phase10-baseline\20260621-162249\backups\phase10-baseline\20260621-162249\backend\litigation360.db","180224","18/6/2026 4:43:31 PM"
"C:\Users\jep_edmundrulz\litigation-360-workspace\litigation-360-software-POLLUTED-ARCHIVE-CUTOVER-V4\backups\phase10-baseline\20260621-162249\backups\phase10-baseline\20260621-162249\backups\phase10-baseline\20260621-162249\backups\phase10-baseline\20260621-162249\backups\phase10-baseline\20260621-162249\backups\phase10-baseline\20260621-162249\backups\phase10-baseline\20260621-162249\backups\phase10-baseline\20260621-162249\backups\phase10-baseline\20260621-162249\backups\phase10-baseline\20260621-162249\backups\phase10-baseline\20260621-162249\backups\phase10-baseline\20260621-162249\backups\phase10-baseline\20260621-162249\backups\phase10-baseline\20260621-162249\backups\phase10-baseline\20260621-162249\backups\phase10-baseline\20260621-162249\backups\phase10-baseline\20260621-162249\backups\phase10-baseline\20260621-162249\backups\phase10-baseline\20260621-162249\backups\phase10-baseline\20260621-162249\backups\phase10-baseline\20260621-162249\backups\phase10-baseline\20260621-162249\backups\phase10-baseline\20260621-162249\backups\phase10-baseline\20260621-162249\backups\phase10-baseline\20260621-162249\backups\phase10-baseline\20260621-162249\backups\phase10-baseline\20260621-162249\backups\phase10-baseline\20260621-162249\backups\phase10-baseline\20260621-162249\backups\phase10-baseline\20260621-162249\backend\litigation360.db","180224","18/6/2026 4:43:31 PM"
"C:\Users\jep_edmundrulz\litigation-360-workspace\litigation-360-software-POLLUTED-ARCHIVE-CUTOVER-V4\backups\phase10-baseline\20260621-162249\backups\phase10-baseline\20260621-162249\backups\phase10-baseline\20260621-162249\backups\phase10-baseline\20260621-162249\backups\phase10-baseline\20260621-162249\backups\phase10-baseline\20260621-162249\backups\phase10-baseline\20260621-162249\backups\phase10-baseline\20260621-162249\backups\phase10-baseline\20260621-162249\backups\phase10-baseline\20260621-162249\backups\phase10-baseline\20260621-162249\backups\phase10-baseline\20260621-162249\backups\phase10-baseline\20260621-162249\backups\phase10-baseline\20260621-162249\backups\phase10-baseline\20260621-162249\backups\phase10-baseline\20260621-162249\backups\phase10-baseline\20260621-162249\backups\phase10-baseline\20260621-162249\backups\phase10-baseline\20260621-162249\backups\phase10-baseline\20260621-162249\backups\phase10-baseline\20260621-162249\backups\phase10-baseline\20260621-162249\backups\phase10-baseline\20260621-162249\backups\phase10-baseline\20260621-162249\backups\phase10-baseline\20260621-162249\backups\phase10-baseline\20260621-162249\backups\phase10-baseline\20260621-162249\backups\phase10-baseline\20260621-162249\backups\phase10-baseline\20260621-162249\backups\phase10-baseline\20260621-162249\backups\phase10-baseline\20260621-162249\backend\litigation360.db","180224","18/6/2026 4:43:31 PM"
"C:\Users\jep_edmundrulz\litigation-360-workspace\litigation-360-software-POLLUTED-ARCHIVE-CUTOVER-V4\backups\phase10-baseline\20260621-162249\backups\phase10-baseline\20260621-162249\backups\phase10-baseline\20260621-162249\backups\phase10-baseline\20260621-162249\backups\phase10-baseline\20260621-162249\backups\phase10-baseline\20260621-162249\backups\phase10-baseline\20260621-162249\backups\phase10-baseline\20260621-162249\backups\phase10-baseline\20260621-162249\backups\phase10-baseline\20260621-162249\backups\phase10-baseline\20260621-162249\backups\phase10-baseline\20260621-162249\backups\phase10-baseline\20260621-162249\backups\phase10-baseline\20260621-162249\backups\phase10-baseline\20260621-162249\backups\phase10-baseline\20260621-162249\backups\phase10-baseline\20260621-162249\backups\phase10-baseline\20260621-162249\backups\phase10-baseline\20260621-162249\backups\phase10-baseline\20260621-162249\backups\phase10-baseline\20260621-162249\backups\phase10-baseline\20260621-162249\backups\phase10-baseline\20260621-162249\backups\phase10-baseline\20260621-162249\backups\phase10-baseline\20260621-162249\backups\phase10-baseline\20260621-162249\backups\phase10-baseline\20260621-162249\backups\phase10-baseline\20260621-162249\backups\phase10-baseline\20260621-162249\backups\phase10-baseline\20260621-162249\backups\phase10-baseline\20260621-162249\backups\phase10-baseline\20260621-162249\backend\litigation360.db","180224","18/6/2026 4:43:31 PM"
"C:\Users\jep_edmundrulz\litigation-360-workspace\litigation-360-software-POLLUTED-ARCHIVE-CUTOVER-V4\backups\phase10-baseline\20260621-162249\backups\phase10-baseline\20260621-162249\backups\phase10-baseline\20260621-162249\backups\phase10-baseline\20260621-162249\backups\phase10-baseline\20260621-162249\backups\phase10-baseline\20260621-162249\backups\phase10-baseline\20260621-162249\backups\phase10-baseline\20260621-162249\backups\phase10-baseline\20260621-162249\backups\phase10-baseline\20260621-162249\backups\phase10-baseline\20260621-162249\backups\phase10-baseline\20260621-162249\backups\phase10-baseline\20260621-162249\backups\phase10-baseline\20260621-162249\backups\phase10-baseline\20260621-162249\backups\phase10-baseline\20260621-162249\backups\phase10-baseline\20260621-162249\backups\phase10-baseline\20260621-162249\backups\phase10-baseline\20260621-162249\backups\phase10-baseline\20260621-162249\backups\phase10-baseline\20260621-162249\backups\phase10-baseline\20260621-162249\backups\phase10-baseline\20260621-162249\backups\phase10-baseline\20260621-162249\backups\phase10-baseline\20260621-162249\backups\phase10-baseline\20260621-162249\backups\phase10-baseline\20260621-162249\backups\phase10-baseline\20260621-162249\backups\phase10-baseline\20260621-162249\backups\phase10-baseline\20260621-162249\backups\phase10-baseline\20260621-162249\backups\phase10-baseline\20260621-162249\backups\phase10-baseline\20260621-162249\backend\litigation360.db","180224","18/6/2026 4:43:31 PM"
"C:\Users\jep_edmundrulz\litigation-360-workspace\litigation-360-software-POLLUTED-ARCHIVE-CUTOVER-V4\backups\phase10-baseline\20260621-162249\backups\phase10-baseline\20260621-162249\backups\phase10-baseline\20260621-162249\backups\phase10-baseline\20260621-162249\backups\phase10-baseline\20260621-162249\backups\phase10-baseline\20260621-162249\backups\phase10-baseline\20260621-162249\backups\phase10-baseline\20260621-162249\backups\phase10-baseline\20260621-162249\backups\phase10-baseline\20260621-162249\backups\phase10-baseline\20260621-162249\backups\phase10-baseline\20260621-162249\backups\phase10-baseline\20260621-162249\backups\phase10-baseline\20260621-162249\backups\phase10-baseline\20260621-162249\backups\phase10-baseline\20260621-162249\backups\phase10-baseline\20260621-162249\backups\phase10-baseline\20260621-162249\backups\phase10-baseline\20260621-162249\backups\phase10-baseline\20260621-162249\backups\phase10-baseline\20260621-162249\backups\phase10-baseline\20260621-162249\backups\phase10-baseline\20260621-162249\backups\phase10-baseline\20260621-162249\backups\phase10-baseline\20260621-162249\backups\phase10-baseline\20260621-162249\backups\phase10-baseline\20260621-162249\backups\phase10-baseline\20260621-162249\backups\phase10-baseline\20260621-162249\backups\phase10-baseline\20260621-162249\backups\phase10-baseline\20260621-162249\backups\phase10-baseline\20260621-162249\backups\phase10-baseline\20260621-162249\backups\phase10-baseline\20260621-162249\backend\litigation360.db","180224","18/6/2026 4:43:31 PM"
"C:\Users\jep_edmundrulz\litigation-360-workspace\litigation-360-software-POLLUTED-ARCHIVE-CUTOVER-V4\backups\phase10-baseline\20260621-162249\backups\phase10-baseline\20260621-162249\backups\phase10-baseline\20260621-162249\backups\phase10-baseline\20260621-162249\backups\phase10-baseline\20260621-162249\backups\phase10-baseline\20260621-162249\backups\phase10-baseline\20260621-162249\backups\phase10-baseline\20260621-162249\backups\phase10-baseline\20260621-162249\backups\phase10-baseline\20260621-162249\backups\phase10-baseline\20260621-162249\backups\phase10-baseline\20260621-162249\backups\phase10-baseline\20260621-162249\backups\phase10-baseline\20260621-162249\backups\phase10-baseline\20260621-162249\backups\phase10-baseline\20260621-162249\backups\phase10-baseline\20260621-162249\backups\phase10-baseline\20260621-162249\backups\phase10-baseline\20260621-162249\backups\phase10-baseline\20260621-162249\backups\phase10-baseline\20260621-162249\backups\phase10-baseline\20260621-162249\backups\phase10-baseline\20260621-162249\backups\phase10-baseline\20260621-162249\backups\phase10-baseline\20260621-162249\backups\phase10-baseline\20260621-162249\backups\phase10-baseline\20260621-162249\backups\phase10-baseline\20260621-162249\backups\phase10-baseline\20260621-162249\backups\phase10-baseline\20260621-162249\backups\phase10-baseline\20260621-162249\backups\phase10-baseline\20260621-162249\backups\phase10-baseline\20260621-162249\backups\phase10-baseline\20260621-162249\backups\phase10-baseline\20260621-162249\backend\litigation360.db","180224","18/6/2026 4:43:31 PM"
"C:\Users\jep_edmundrulz\litigation-360-workspace\litigation-360-software-POLLUTED-ARCHIVE-CUTOVER-V4\backups\phase10-baseline\20260621-162249\backups\phase10-baseline\20260621-162249\backups\phase10-baseline\20260621-162249\backups\phase10-baseline\20260621-162249\backups\phase10-baseline\20260621-162249\backups\phase10-baseline\20260621-162249\backups\phase10-baseline\20260621-162249\backups\phase10-baseline\20260621-162249\backups\phase10-baseline\20260621-162249\backups\phase10-baseline\20260621-162249\backups\phase10-baseline\20260621-162249\backups\phase10-baseline\20260621-162249\backups\phase10-baseline\20260621-162249\backups\phase10-baseline\20260621-162249\backups\phase10-baseline\20260621-162249\backups\phase10-baseline\20260621-162249\backups\phase10-baseline\20260621-162249\backups\phase10-baseline\20260621-162249\backups\phase10-baseline\20260621-162249\backups\phase10-baseline\20260621-162249\backups\phase10-baseline\20260621-162249\backups\phase10-baseline\20260621-162249\backups\phase10-baseline\20260621-162249\backups\phase10-baseline\20260621-162249\backups\phase10-baseline\20260621-162249\backups\phase10-baseline\20260621-162249\backups\phase10-baseline\20260621-162249\backups\phase10-baseline\20260621-162249\backups\phase10-baseline\20260621-162249\backups\phase10-baseline\20260621-162249\backups\phase10-baseline\20260621-162249\backups\phase10-baseline\20260621-162249\backups\phase10-baseline\20260621-162249\backups\phase10-baseline\20260621-162249\backups\phase10-baseline\20260621-162249\backups\phase10-baseline\20260621-162249\backend\litigation360.db","180224","18/6/2026 4:43:31 PM"
"C:\Users\jep_edmundrulz\litigation-360-workspace\litigation-360-software-POLLUTED-ARCHIVE-CUTOVER-V4\backups\phase10-baseline\20260621-162249\backups\phase10-baseline\20260621-162249\backups\phase10-baseline\20260621-162249\backups\phase10-baseline\20260621-162249\backups\phase10-baseline\20260621-162249\backups\phase10-baseline\20260621-162249\backups\phase10-baseline\20260621-162249\backups\phase10-baseline\20260621-162249\backups\phase10-baseline\20260621-162249\backups\phase10-baseline\20260621-162249\backups\phase10-baseline\20260621-162249\backups\phase10-baseline\20260621-162249\backups\phase10-baseline\20260621-162249\backups\phase10-baseline\20260621-162249\backups\phase10-baseline\20260621-162249\backups\phase10-baseline\20260621-162249\backups\phase10-baseline\20260621-162249\backups\phase10-baseline\20260621-162249\backups\phase10-baseline\20260621-162249\backups\phase10-baseline\20260621-162249\backups\phase10-baseline\20260621-162249\backups\phase10-baseline\20260621-162249\backups\phase10-baseline\20260621-162249\backups\phase10-baseline\20260621-162249\backups\phase10-baseline\20260621-162249\backups\phase10-baseline\20260621-162249\backups\phase10-baseline\20260621-162249\backups\phase10-baseline\20260621-162249\backups\phase10-baseline\20260621-162249\backups\phase10-baseline\20260621-162249\backups\phase10-baseline\20260621-162249\backups\phase10-baseline\20260621-162249\backups\phase10-baseline\20260621-162249\backups\phase10-baseline\20260621-162249\backups\phase10-baseline\20260621-162249\backups\phase10-baseline\20260621-162249\backups\phase10-baseline\20260621-162249\backend\litigation360.db","180224","18/6/2026 4:43:31 PM"
"C:\Users\jep_edmundrulz\litigation-360-workspace\litigation-360-software-POLLUTED-ARCHIVE-CUTOVER-V4\backups\phase10-baseline\20260621-162249\backups\phase10-baseline\20260621-162249\backups\phase10-baseline\20260621-162249\backups\phase10-baseline\20260621-162249\backups\phase10-baseline\20260621-162249\backups\phase10-baseline\20260621-162249\backups\phase10-baseline\20260621-162249\backups\phase10-baseline\20260621-162249\backups\phase10-baseline\20260621-162249\backups\phase10-baseline\20260621-162249\backups\phase10-baseline\20260621-162249\backups\phase10-baseline\20260621-162249\backups\phase10-baseline\20260621-162249\backups\phase10-baseline\20260621-162249\backups\phase10-baseline\20260621-162249\backups\phase10-baseline\20260621-162249\backups\phase10-baseline\20260621-162249\backups\phase10-baseline\20260621-162249\backups\phase10-baseline\20260621-162249\backups\phase10-baseline\20260621-162249\backups\phase10-baseline\20260621-162249\backups\phase10-baseline\20260621-162249\backups\phase10-baseline\20260621-162249\backups\phase10-baseline\20260621-162249\backups\phase10-baseline\20260621-162249\backups\phase10-baseline\20260621-162249\backups\phase10-baseline\20260621-162249\backups\phase10-baseline\20260621-162249\backups\phase10-baseline\20260621-162249\backups\phase10-baseline\20260621-162249\backups\phase10-baseline\20260621-162249\backups\phase10-baseline\20260621-162249\backups\phase10-baseline\20260621-162249\backups\phase10-baseline\20260621-162249\backups\phase10-baseline\20260621-162249\backups\phase10-baseline\20260621-162249\backups\phase10-baseline\20260621-162249\backups\phase10-baseline\20260621-162249\backend\litigation360.db","180224","18/6/2026 4:43:31 PM"
"C:\Users\jep_edmundrulz\litigation-360-workspace\litigation-360-software-POLLUTED-ARCHIVE-CUTOVER-V4\backups\phase10-baseline\20260621-162249\backups\phase10-baseline\20260621-162249\backups\phase10-baseline\20260621-162249\backups\phase10-baseline\20260621-162249\backups\phase10-baseline\20260621-162249\backups\phase10-baseline\20260621-162249\backups\phase10-baseline\20260621-162249\backups\phase10-baseline\20260621-162249\backups\phase10-baseline\20260621-162249\backups\phase10-baseline\20260621-162249\backups\phase10-baseline\20260621-162249\backups\phase10-baseline\20260621-162249\backups\phase10-baseline\20260621-162249\backups\phase10-baseline\20260621-162249\backups\phase10-baseline\20260621-162249\backups\phase10-baseline\20260621-162249\backups\phase10-baseline\20260621-162249\backups\phase10-baseline\20260621-162249\backups\phase10-baseline\20260621-162249\backups\phase10-baseline\20260621-162249\backups\phase10-baseline\20260621-162249\backups\phase10-baseline\20260621-162249\backups\phase10-baseline\20260621-162249\backups\phase10-baseline\20260621-162249\backups\phase10-baseline\20260621-162249\backups\phase10-baseline\20260621-162249\backups\phase10-baseline\20260621-162249\backups\phase10-baseline\20260621-162249\backups\phase10-baseline\20260621-162249\backups\phase10-baseline\20260621-162249\backups\phase10-baseline\20260621-162249\backups\phase10-baseline\20260621-162249\backups\phase10-baseline\20260621-162249\backups\phase10-baseline\20260621-162249\backups\phase10-baseline\20260621-162249\backups\phase10-baseline\20260621-162249\backups\phase10-baseline\20260621-162249\backups\phase10-baseline\20260621-162249\backups\phase10-baseline\20260621-162249\backend\litigation360.db","180224","18/6/2026 4:43:31 PM"
"C:\Users\jep_edmundrulz\litigation-360-workspace\litigation-360-software-POLLUTED-ARCHIVE-CUTOVER-V4\backups\phase10-baseline\20260621-162249\backups\phase10-baseline\20260621-162249\backups\phase10-baseline\20260621-162249\backups\phase10-baseline\20260621-162249\backups\phase10-baseline\20260621-162249\backups\phase10-baseline\20260621-162249\backups\phase10-baseline\20260621-162249\backups\phase10-baseline\20260621-162249\backups\phase10-baseline\20260621-162249\backups\phase10-baseline\20260621-162249\backups\phase10-baseline\20260621-162249\backups\phase10-baseline\20260621-162249\backups\phase10-baseline\20260621-162249\backups\phase10-baseline\20260621-162249\backups\phase10-baseline\20260621-162249\backups\phase10-baseline\20260621-162249\backups\phase10-baseline\20260621-162249\backups\phase10-baseline\20260621-162249\backups\phase10-baseline\20260621-162249\backups\phase10-baseline\20260621-162249\backups\phase10-baseline\20260621-162249\backups\phase10-baseline\20260621-162249\backups\phase10-baseline\20260621-162249\backups\phase10-baseline\20260621-162249\backups\phase10-baseline\20260621-162249\backups\phase10-baseline\20260621-162249\backups\phase10-baseline\20260621-162249\backups\phase10-baseline\20260621-162249\backups\phase10-baseline\20260621-162249\backups\phase10-baseline\20260621-162249\backups\phase10-baseline\20260621-162249\backups\phase10-baseline\20260621-162249\backups\phase10-baseline\20260621-162249\backups\phase10-baseline\20260621-162249\backups\phase10-baseline\20260621-162249\backups\phase10-baseline\20260621-162249\backups\phase10-baseline\20260621-162249\backups\phase10-baseline\20260621-162249\backups\phase10-baseline\20260621-162249\backups\phase10-baseline\20260621-162249\backend\litigation360.db","180224","18/6/2026 4:43:31 PM"
"C:\Users\jep_edmundrulz\litigation-360-workspace\litigation-360-software-POLLUTED-ARCHIVE-CUTOVER-V4\backups\phase10-baseline\20260621-162249\backups\phase10-baseline\20260621-162249\backups\phase10-baseline\20260621-162249\backups\phase10-baseline\20260621-162249\backups\phase10-baseline\20260621-162249\backups\phase10-baseline\20260621-162249\backups\phase10-baseline\20260621-162249\backups\phase10-baseline\20260621-162249\backups\phase10-baseline\20260621-162249\backups\phase10-baseline\20260621-162249\backups\phase10-baseline\20260621-162249\backups\phase10-baseline\20260621-162249\backups\phase10-baseline\20260621-162249\backups\phase10-baseline\20260621-162249\backups\phase10-baseline\20260621-162249\backups\phase10-baseline\20260621-162249\backups\phase10-baseline\20260621-162249\backups\phase10-baseline\20260621-162249\backups\phase10-baseline\20260621-162249\backups\phase10-baseline\20260621-162249\backups\phase10-baseline\20260621-162249\backups\phase10-baseline\20260621-162249\backups\phase10-baseline\20260621-162249\backups\phase10-baseline\20260621-162249\backups\phase10-baseline\20260621-162249\backups\phase10-baseline\20260621-162249\backups\phase10-baseline\20260621-162249\backups\phase10-baseline\20260621-162249\backups\phase10-baseline\20260621-162249\backups\phase10-baseline\20260621-162249\backups\phase10-baseline\20260621-162249\backups\phase10-baseline\20260621-162249\backups\phase10-baseline\20260621-162249\backups\phase10-baseline\20260621-162249\backups\phase10-baseline\20260621-162249\backups\phase10-baseline\20260621-162249\backups\phase10-baseline\20260621-162249\backups\phase10-baseline\20260621-162249\backups\phase10-baseline\20260621-162249\backups\phase10-baseline\20260621-162249\backups\phase10-baseline\20260621-162249\backend\litigation360.db","180224","18/6/2026 4:43:31 PM"
"C:\Users\jep_edmundrulz\litigation-360-workspace\litigation-360-software-POLLUTED-ARCHIVE-CUTOVER-V4\backups\phase10-baseline\20260621-162249\backups\phase10-baseline\20260621-162249\backups\phase10-baseline\20260621-162249\backups\phase10-baseline\20260621-162249\backups\phase10-baseline\20260621-162249\backups\phase10-baseline\20260621-162249\backups\phase10-baseline\20260621-162249\backups\phase10-baseline\20260621-162249\backups\phase10-baseline\20260621-162249\backups\phase10-baseline\20260621-162249\backups\phase10-baseline\20260621-162249\backups\phase10-baseline\20260621-162249\backups\phase10-baseline\20260621-162249\backups\phase10-baseline\20260621-162249\backups\phase10-baseline\20260621-162249\backups\phase10-baseline\20260621-162249\backups\phase10-baseline\20260621-162249\backups\phase10-baseline\20260621-162249\backups\phase10-baseline\20260621-162249\backups\phase10-baseline\20260621-162249\backups\phase10-baseline\20260621-162249\backups\phase10-baseline\20260621-162249\backups\phase10-baseline\20260621-162249\backups\phase10-baseline\20260621-162249\backups\phase10-baseline\20260621-162249\backups\phase10-baseline\20260621-162249\backups\phase10-baseline\20260621-162249\backups\phase10-baseline\20260621-162249\backups\phase10-baseline\20260621-162249\backups\phase10-baseline\20260621-162249\backups\phase10-baseline\20260621-162249\backups\phase10-baseline\20260621-162249\backups\phase10-baseline\20260621-162249\backups\phase10-baseline\20260621-162249\backups\phase10-baseline\20260621-162249\backups\phase10-baseline\20260621-162249\backups\phase10-baseline\20260621-162249\backups\phase10-baseline\20260621-162249\backups\phase10-baseline\20260621-162249\backups\phase10-baseline\20260621-162249\backups\phase10-baseline\20260621-162249\backups\phase10-baseline\20260621-162249\backend\litigation360.db","180224","18/6/2026 4:43:31 PM"
"C:\Users\jep_edmundrulz\litigation-360-workspace\litigation-360-software-POLLUTED-ARCHIVE-CUTOVER-V4\backups\phase10-baseline\20260621-162249\backups\phase10-baseline\20260621-162249\backups\phase10-baseline\20260621-162249\backups\phase10-baseline\20260621-162249\backups\phase10-baseline\20260621-162249\backups\phase10-baseline\20260621-162249\backups\phase10-baseline\20260621-162249\backups\phase10-baseline\20260621-162249\backups\phase10-baseline\20260621-162249\backups\phase10-baseline\20260621-162249\backups\phase10-baseline\20260621-162249\backups\phase10-baseline\20260621-162249\backups\phase10-baseline\20260621-162249\backups\phase10-baseline\20260621-162249\backups\phase10-baseline\20260621-162249\backups\phase10-baseline\20260621-162249\backups\phase10-baseline\20260621-162249\backups\phase10-baseline\20260621-162249\backups\phase10-baseline\20260621-162249\backups\phase10-baseline\20260621-162249\backups\phase10-baseline\20260621-162249\backups\phase10-baseline\20260621-162249\backups\phase10-baseline\20260621-162249\backups\phase10-baseline\20260621-162249\backups\phase10-baseline\20260621-162249\backups\phase10-baseline\20260621-162249\backups\phase10-baseline\20260621-162249\backups\phase10-baseline\20260621-162249\backups\phase10-baseline\20260621-162249\backups\phase10-baseline\20260621-162249\backups\phase10-baseline\20260621-162249\backups\phase10-baseline\20260621-162249\backups\phase10-baseline\20260621-162249\backups\phase10-baseline\20260621-162249\backups\phase10-baseline\20260621-162249\backups\phase10-baseline\20260621-162249\backups\phase10-baseline\20260621-162249\backups\phase10-baseline\20260621-162249\backups\phase10-baseline\20260621-162249\backups\phase10-baseline\20260621-162249\backups\phase10-baseline\20260621-162249\backups\phase10-baseline\20260621-162249\backups\phase10-baseline\20260621-162249\backend\litigation360.db","180224","18/6/2026 4:43:31 PM"
"C:\Users\jep_edmundrulz\litigation-360-workspace\litigation-360-software-POLLUTED-ARCHIVE-CUTOVER-V4\backups\phase10-baseline\20260621-162249\backups\phase10-baseline\20260621-162249\backups\phase10-baseline\20260621-162249\backups\phase10-baseline\20260621-162249\backups\phase10-baseline\20260621-162249\backups\phase10-baseline\20260621-162249\backups\phase10-baseline\20260621-162249\backups\phase10-baseline\20260621-162249\backups\phase10-baseline\20260621-162249\backups\phase10-baseline\20260621-162249\backups\phase10-baseline\20260621-162249\backups\phase10-baseline\20260621-162249\backups\phase10-baseline\20260621-162249\backups\phase10-baseline\20260621-162249\backups\phase10-baseline\20260621-162249\backups\phase10-baseline\20260621-162249\backups\phase10-baseline\20260621-162249\backups\phase10-baseline\20260621-162249\backups\phase10-baseline\20260621-162249\backups\phase10-baseline\20260621-162249\backups\phase10-baseline\20260621-162249\backups\phase10-baseline\20260621-162249\backups\phase10-baseline\20260621-162249\backups\phase10-baseline\20260621-162249\backups\phase10-baseline\20260621-162249\backups\phase10-baseline\20260621-162249\backups\phase10-baseline\20260621-162249\backups\phase10-baseline\20260621-162249\backups\phase10-baseline\20260621-162249\backups\phase10-baseline\20260621-162249\backups\phase10-baseline\20260621-162249\backups\phase10-baseline\20260621-162249\backups\phase10-baseline\20260621-162249\backups\phase10-baseline\20260621-162249\backups\phase10-baseline\20260621-162249\backups\phase10-baseline\20260621-162249\backups\phase10-baseline\20260621-162249\backups\phase10-baseline\20260621-162249\backups\phase10-baseline\20260621-162249\backups\phase10-baseline\20260621-162249\backups\phase10-baseline\20260621-162249\backups\phase10-baseline\20260621-162249\backups\phase10-baseline\20260621-162249\backups\phase10-baseline\20260621-162249\backend\litigation360.db","180224","18/6/2026 4:43:31 PM"
"C:\Users\jep_edmundrulz\litigation-360-workspace\litigation-360-software-POLLUTED-ARCHIVE-CUTOVER-V4\backups\phase10-baseline\20260621-162249\backups\phase10-baseline\20260621-162249\backups\phase10-baseline\20260621-162249\backups\phase10-baseline\20260621-162249\backups\phase10-baseline\20260621-162249\backups\phase10-baseline\20260621-162249\backups\phase10-baseline\20260621-162249\backups\phase10-baseline\20260621-162249\backups\phase10-baseline\20260621-162249\backups\phase10-baseline\20260621-162249\backups\phase10-baseline\20260621-162249\backups\phase10-baseline\20260621-162249\backups\phase10-baseline\20260621-162249\backups\phase10-baseline\20260621-162249\backups\phase10-baseline\20260621-162249\backups\phase10-baseline\20260621-162249\backups\phase10-baseline\20260621-162249\backups\phase10-baseline\20260621-162249\backups\phase10-baseline\20260621-162249\backups\phase10-baseline\20260621-162249\backups\phase10-baseline\20260621-162249\backups\phase10-baseline\20260621-162249\backups\phase10-baseline\20260621-162249\backups\phase10-baseline\20260621-162249\backups\phase10-baseline\20260621-162249\backups\phase10-baseline\20260621-162249\backups\phase10-baseline\20260621-162249\backups\phase10-baseline\20260621-162249\backups\phase10-baseline\20260621-162249\backups\phase10-baseline\20260621-162249\backups\phase10-baseline\20260621-162249\backups\phase10-baseline\20260621-162249\backups\phase10-baseline\20260621-162249\backups\phase10-baseline\20260621-162249\backups\phase10-baseline\20260621-162249\backups\phase10-baseline\20260621-162249\backups\phase10-baseline\20260621-162249\backups\phase10-baseline\20260621-162249\backups\phase10-baseline\20260621-162249\backups\phase10-baseline\20260621-162249\backups\phase10-baseline\20260621-162249\backups\phase10-baseline\20260621-162249\backups\phase10-baseline\20260621-162249\backups\phase10-baseline\20260621-162249\backups\phase10-baseline\20260621-162249\backend\litigation360.db","180224","18/6/2026 4:43:31 PM"
"C:\Users\jep_edmundrulz\litigation-360-workspace\litigation-360-software-POLLUTED-ARCHIVE-CUTOVER-V4\backups\phase10-baseline\20260621-162249\backups\phase10-baseline\20260621-162249\backups\phase10-baseline\20260621-162249\backups\phase10-baseline\20260621-162249\backups\phase10-baseline\20260621-162249\backups\phase10-baseline\20260621-162249\backups\phase10-baseline\20260621-162249\backups\phase10-baseline\20260621-162249\backups\phase10-baseline\20260621-162249\backups\phase10-baseline\20260621-162249\backups\phase10-baseline\20260621-162249\backups\phase10-baseline\20260621-162249\backups\phase10-baseline\20260621-162249\backups\phase10-baseline\20260621-162249\backups\phase10-baseline\20260621-162249\backups\phase10-baseline\20260621-162249\backups\phase10-baseline\20260621-162249\backups\phase10-baseline\20260621-162249\backups\phase10-baseline\20260621-162249\backups\phase10-baseline\20260621-162249\backups\phase10-baseline\20260621-162249\backups\phase10-baseline\20260621-162249\backups\phase10-baseline\20260621-162249\backups\phase10-baseline\20260621-162249\backups\phase10-baseline\20260621-162249\backups\phase10-baseline\20260621-162249\backups\phase10-baseline\20260621-162249\backups\phase10-baseline\20260621-162249\backups\phase10-baseline\20260621-162249\backups\phase10-baseline\20260621-162249\backups\phase10-baseline\20260621-162249\backups\phase10-baseline\20260621-162249\backups\phase10-baseline\20260621-162249\backups\phase10-baseline\20260621-162249\backups\phase10-baseline\20260621-162249\backups\phase10-baseline\20260621-162249\backups\phase10-baseline\20260621-162249\backups\phase10-baseline\20260621-162249\backups\phase10-baseline\20260621-162249\backups\phase10-baseline\20260621-162249\backups\phase10-baseline\20260621-162249\backups\phase10-baseline\20260621-162249\backups\phase10-baseline\20260621-162249\backups\phase10-baseline\20260621-162249\backups\phase10-baseline\20260621-162249\backups\phase10-baseline\20260621-162249\backend\litigation360.db","180224","18/6/2026 4:43:31 PM"
"C:\Users\jep_edmundrulz\litigation-360-workspace\litigation-360-software-POLLUTED-ARCHIVE-CUTOVER-V4\backups\phase10-baseline\20260621-162249\backups\phase10-baseline\20260621-162249\backups\phase10-baseline\20260621-162249\backups\phase10-baseline\20260621-162249\backups\phase10-baseline\20260621-162249\backups\phase10-baseline\20260621-162249\backups\phase10-baseline\20260621-162249\backups\phase10-baseline\20260621-162249\backups\phase10-baseline\20260621-162249\backups\phase10-baseline\20260621-162249\backups\phase10-baseline\20260621-162249\backups\phase10-baseline\20260621-162249\backups\phase10-baseline\20260621-162249\backups\phase10-baseline\20260621-162249\backups\phase10-baseline\20260621-162249\backups\phase10-baseline\20260621-162249\backups\phase10-baseline\20260621-162249\backups\phase10-baseline\20260621-162249\backups\phase10-baseline\20260621-162249\backups\phase10-baseline\20260621-162249\backups\phase10-baseline\20260621-162249\backups\phase10-baseline\20260621-162249\backups\phase10-baseline\20260621-162249\backups\phase10-baseline\20260621-162249\backups\phase10-baseline\20260621-162249\backups\phase10-baseline\20260621-162249\backups\phase10-baseline\20260621-162249\backups\phase10-baseline\20260621-162249\backups\phase10-baseline\20260621-162249\backups\phase10-baseline\20260621-162249\backups\phase10-baseline\20260621-162249\backups\phase10-baseline\20260621-162249\backups\phase10-baseline\20260621-162249\backups\phase10-baseline\20260621-162249\backups\phase10-baseline\20260621-162249\backups\phase10-baseline\20260621-162249\backups\phase10-baseline\20260621-162249\backups\phase10-baseline\20260621-162249\backups\phase10-baseline\20260621-162249\backups\phase10-baseline\20260621-162249\backups\phase10-baseline\20260621-162249\backups\phase10-baseline\20260621-162249\backups\phase10-baseline\20260621-162249\backups\phase10-baseline\20260621-162249\backups\phase10-baseline\20260621-162249\backups\phase10-baseline\20260621-162249\backups\phase10-baseline\20260621-162249\backend\litigation360.db","180224","18/6/2026 4:43:31 PM"
"C:\Users\jep_edmundrulz\litigation-360-workspace\litigation-360-software-POLLUTED-ARCHIVE-CUTOVER-V4\backups\phase10-baseline\20260621-162249\backups\phase10-baseline\20260621-162249\backups\phase10-baseline\20260621-162249\backups\phase10-baseline\20260621-162249\backups\phase10-baseline\20260621-162249\backups\phase10-baseline\20260621-162249\backups\phase10-baseline\20260621-162249\backups\phase10-baseline\20260621-162249\backups\phase10-baseline\20260621-162249\backups\phase10-baseline\20260621-162249\backups\phase10-baseline\20260621-162249\backups\phase10-baseline\20260621-162249\backups\phase10-baseline\20260621-162249\backups\phase10-baseline\20260621-162249\backups\phase10-baseline\20260621-162249\backups\phase10-baseline\20260621-162249\backups\phase10-baseline\20260621-162249\backups\phase10-baseline\20260621-162249\backups\phase10-baseline\20260621-162249\backups\phase10-baseline\20260621-162249\backups\phase10-baseline\20260621-162249\backups\phase10-baseline\20260621-162249\backups\phase10-baseline\20260621-162249\backups\phase10-baseline\20260621-162249\backups\phase10-baseline\20260621-162249\backups\phase10-baseline\20260621-162249\backups\phase10-baseline\20260621-162249\backups\phase10-baseline\20260621-162249\backups\phase10-baseline\20260621-162249\backups\phase10-baseline\20260621-162249\backups\phase10-baseline\20260621-162249\backups\phase10-baseline\20260621-162249\backups\phase10-baseline\20260621-162249\backups\phase10-baseline\20260621-162249\backups\phase10-baseline\20260621-162249\backups\phase10-baseline\20260621-162249\backups\phase10-baseline\20260621-162249\backups\phase10-baseline\20260621-162249\backups\phase10-baseline\20260621-162249\backups\phase10-baseline\20260621-162249\backups\phase10-baseline\20260621-162249\backups\phase10-baseline\20260621-162249\backups\phase10-baseline\20260621-162249\backups\phase10-baseline\20260621-162249\backups\phase10-baseline\20260621-162249\backups\phase10-baseline\20260621-162249\backups\phase10-baseline\20260621-162249\backups\phase10-baseline\20260621-162249\backend\litigation360.db","180224","18/6/2026 4:43:31 PM"
"C:\Users\jep_edmundrulz\litigation-360-workspace\litigation-360-software-POLLUTED-ARCHIVE-CUTOVER-V4\backups\phase10-baseline\20260621-162249\backups\phase10-baseline\20260621-162249\backups\phase10-baseline\20260621-162249\backups\phase10-baseline\20260621-162249\backups\phase10-baseline\20260621-162249\backups\phase10-baseline\20260621-162249\backups\phase10-baseline\20260621-162249\backups\phase10-baseline\20260621-162249\backups\phase10-baseline\20260621-162249\backups\phase10-baseline\20260621-162249\backups\phase10-baseline\20260621-162249\backups\phase10-baseline\20260621-162249\backups\phase10-baseline\20260621-162249\backups\phase10-baseline\20260621-162249\backups\phase10-baseline\20260621-162249\backups\phase10-baseline\20260621-162249\backups\phase10-baseline\20260621-162249\backups\phase10-baseline\20260621-162249\backups\phase10-baseline\20260621-162249\backups\phase10-baseline\20260621-162249\backups\phase10-baseline\20260621-162249\backups\phase10-baseline\20260621-162249\backups\phase10-baseline\20260621-162249\backups\phase10-baseline\20260621-162249\backups\phase10-baseline\20260621-162249\backups\phase10-baseline\20260621-162249\backups\phase10-baseline\20260621-162249\backups\phase10-baseline\20260621-162249\backups\phase10-baseline\20260621-162249\backups\phase10-baseline\20260621-162249\backups\phase10-baseline\20260621-162249\backups\phase10-baseline\20260621-162249\backups\phase10-baseline\20260621-162249\backups\phase10-baseline\20260621-162249\backups\phase10-baseline\20260621-162249\backups\phase10-baseline\20260621-162249\backups\phase10-baseline\20260621-162249\backups\phase10-baseline\20260621-162249\backups\phase10-baseline\20260621-162249\backups\phase10-baseline\20260621-162249\backups\phase10-baseline\20260621-162249\backups\phase10-baseline\20260621-162249\backups\phase10-baseline\20260621-162249\backups\phase10-baseline\20260621-162249\backups\phase10-baseline\20260621-162249\backups\phase10-baseline\20260621-162249\backups\phase10-baseline\20260621-162249\backups\phase10-baseline\20260621-162249\backups\phase10-baseline\20260621-162249\backend\litigation360.db","180224","18/6/2026 4:43:31 PM"
"C:\Users\jep_edmundrulz\litigation-360-workspace\litigation-360-software-POLLUTED-ARCHIVE-CUTOVER-V4\backups\phase10-baseline\20260621-162249\backups\phase10-baseline\20260621-162249\backups\phase10-baseline\20260621-162249\backups\phase10-baseline\20260621-162249\backups\phase10-baseline\20260621-162249\backups\phase10-baseline\20260621-162249\backups\phase10-baseline\20260621-162249\backups\phase10-baseline\20260621-162249\backups\phase10-baseline\20260621-162249\backups\phase10-baseline\20260621-162249\backups\phase10-baseline\20260621-162249\backups\phase10-baseline\20260621-162249\backups\phase10-baseline\20260621-162249\backups\phase10-baseline\20260621-162249\backups\phase10-baseline\20260621-162249\backups\phase10-baseline\20260621-162249\backups\phase10-baseline\20260621-162249\backups\phase10-baseline\20260621-162249\backups\phase10-baseline\20260621-162249\backups\phase10-baseline\20260621-162249\backups\phase10-baseline\20260621-162249\backups\phase10-baseline\20260621-162249\backups\phase10-baseline\20260621-162249\backups\phase10-baseline\20260621-162249\backups\phase10-baseline\20260621-162249\backups\phase10-baseline\20260621-162249\backups\phase10-baseline\20260621-162249\backups\phase10-baseline\20260621-162249\backups\phase10-baseline\20260621-162249\backups\phase10-baseline\20260621-162249\backups\phase10-baseline\20260621-162249\backups\phase10-baseline\20260621-162249\backups\phase10-baseline\20260621-162249\backups\phase10-baseline\20260621-162249\backups\phase10-baseline\20260621-162249\backups\phase10-baseline\20260621-162249\backups\phase10-baseline\20260621-162249\backups\phase10-baseline\20260621-162249\backups\phase10-baseline\20260621-162249\backups\phase10-baseline\20260621-162249\backups\phase10-baseline\20260621-162249\backups\phase10-baseline\20260621-162249\backups\phase10-baseline\20260621-162249\backups\phase10-baseline\20260621-162249\backups\phase10-baseline\20260621-162249\backups\phase10-baseline\20260621-162249\backups\phase10-baseline\20260621-162249\backups\phase10-baseline\20260621-162249\backups\phase10-baseline\20260621-162249\backups\phase10-baseline\20260621-162249\backend\litigation360.db","180224","18/6/2026 4:43:31 PM"
"C:\Users\jep_edmundrulz\litigation-360-workspace\litigation-360-software-POLLUTED-ARCHIVE-CUTOVER-V4\backups\phase10-baseline\20260621-162249\backups\phase10-baseline\20260621-162249\backups\phase10-baseline\20260621-162249\backups\phase10-baseline\20260621-162249\backups\phase10-baseline\20260621-162249\backups\phase10-baseline\20260621-162249\backups\phase10-baseline\20260621-162249\backups\phase10-baseline\20260621-162249\backups\phase10-baseline\20260621-162249\backups\phase10-baseline\20260621-162249\backups\phase10-baseline\20260621-162249\backups\phase10-baseline\20260621-162249\backups\phase10-baseline\20260621-162249\backups\phase10-baseline\20260621-162249\backups\phase10-baseline\20260621-162249\backups\phase10-baseline\20260621-162249\backups\phase10-baseline\20260621-162249\backups\phase10-baseline\20260621-162249\backups\phase10-baseline\20260621-162249\backups\phase10-baseline\20260621-162249\backups\phase10-baseline\20260621-162249\backups\phase10-baseline\20260621-162249\backups\phase10-baseline\20260621-162249\backups\phase10-baseline\20260621-162249\backups\phase10-baseline\20260621-162249\backups\phase10-baseline\20260621-162249\backups\phase10-baseline\20260621-162249\backups\phase10-baseline\20260621-162249\backups\phase10-baseline\20260621-162249\backups\phase10-baseline\20260621-162249\backups\phase10-baseline\20260621-162249\backups\phase10-baseline\20260621-162249\backups\phase10-baseline\20260621-162249\backups\phase10-baseline\20260621-162249\backups\phase10-baseline\20260621-162249\backups\phase10-baseline\20260621-162249\backups\phase10-baseline\20260621-162249\backups\phase10-baseline\20260621-162249\backups\phase10-baseline\20260621-162249\backups\phase10-baseline\20260621-162249\backups\phase10-baseline\20260621-162249\backups\phase10-baseline\20260621-162249\backups\phase10-baseline\20260621-162249\backups\phase10-baseline\20260621-162249\backups\phase10-baseline\20260621-162249\backups\phase10-baseline\20260621-162249\backups\phase10-baseline\20260621-162249\backups\phase10-baseline\20260621-162249\backups\phase10-baseline\20260621-162249\backups\phase10-baseline\20260621-162249\backups\phase10-baseline\20260621-162249\backend\litigation360.db","180224","18/6/2026 4:43:31 PM"
"C:\Users\jep_edmundrulz\litigation-360-workspace\litigation-360-software-POLLUTED-ARCHIVE-CUTOVER-V4\backups\phase10-baseline\20260621-162249\backups\phase10-baseline\20260621-162249\backups\phase10-baseline\20260621-162249\backups\phase10-baseline\20260621-162249\backups\phase10-baseline\20260621-162249\backups\phase10-baseline\20260621-162249\backups\phase10-baseline\20260621-162249\backups\phase10-baseline\20260621-162249\backups\phase10-baseline\20260621-162249\backups\phase10-baseline\20260621-162249\backups\phase10-baseline\20260621-162249\backups\phase10-baseline\20260621-162249\backups\phase10-baseline\20260621-162249\backups\phase10-baseline\20260621-162249\backups\phase10-baseline\20260621-162249\backups\phase10-baseline\20260621-162249\backups\phase10-baseline\20260621-162249\backups\phase10-baseline\20260621-162249\backups\phase10-baseline\20260621-162249\backups\phase10-baseline\20260621-162249\backups\phase10-baseline\20260621-162249\backups\phase10-baseline\20260621-162249\backups\phase10-baseline\20260621-162249\backups\phase10-baseline\20260621-162249\backups\phase10-baseline\20260621-162249\backups\phase10-baseline\20260621-162249\backups\phase10-baseline\20260621-162249\backups\phase10-baseline\20260621-162249\backups\phase10-baseline\20260621-162249\backups\phase10-baseline\20260621-162249\backups\phase10-baseline\20260621-162249\backups\phase10-baseline\20260621-162249\backups\phase10-baseline\20260621-162249\backups\phase10-baseline\20260621-162249\backups\phase10-baseline\20260621-162249\backups\phase10-baseline\20260621-162249\backups\phase10-baseline\20260621-162249\backups\phase10-baseline\20260621-162249\backups\phase10-baseline\20260621-162249\backups\phase10-baseline\20260621-162249\backups\phase10-baseline\20260621-162249\backups\phase10-baseline\20260621-162249\backups\phase10-baseline\20260621-162249\backups\phase10-baseline\20260621-162249\backups\phase10-baseline\20260621-162249\backups\phase10-baseline\20260621-162249\backups\phase10-baseline\20260621-162249\backups\phase10-baseline\20260621-162249\backups\phase10-baseline\20260621-162249\backups\phase10-baseline\20260621-162249\backups\phase10-baseline\20260621-162249\backups\phase10-baseline\20260621-162249\backend\litigation360.db","180224","18/6/2026 4:43:31 PM"
"C:\Users\jep_edmundrulz\litigation-360-workspace\litigation-360-software-POLLUTED-ARCHIVE-CUTOVER-V4\backups\phase10-baseline\20260621-162249\backups\phase10-baseline\20260621-162249\backups\phase10-baseline\20260621-162249\backups\phase10-baseline\20260621-162249\backups\phase10-baseline\20260621-162249\backups\phase10-baseline\20260621-162249\backups\phase10-baseline\20260621-162249\backups\phase10-baseline\20260621-162249\backups\phase10-baseline\20260621-162249\backups\phase10-baseline\20260621-162249\backups\phase10-baseline\20260621-162249\backups\phase10-baseline\20260621-162249\backups\phase10-baseline\20260621-162249\backups\phase10-baseline\20260621-162249\backups\phase10-baseline\20260621-162249\backups\phase10-baseline\20260621-162249\backups\phase10-baseline\20260621-162249\backups\phase10-baseline\20260621-162249\backups\phase10-baseline\20260621-162249\backups\phase10-baseline\20260621-162249\backups\phase10-baseline\20260621-162249\backups\phase10-baseline\20260621-162249\backups\phase10-baseline\20260621-162249\backups\phase10-baseline\20260621-162249\backups\phase10-baseline\20260621-162249\backups\phase10-baseline\20260621-162249\backups\phase10-baseline\20260621-162249\backups\phase10-baseline\20260621-162249\backups\phase10-baseline\20260621-162249\backups\phase10-baseline\20260621-162249\backups\phase10-baseline\20260621-162249\backups\phase10-baseline\20260621-162249\backups\phase10-baseline\20260621-162249\backups\phase10-baseline\20260621-162249\backups\phase10-baseline\20260621-162249\backups\phase10-baseline\20260621-162249\backups\phase10-baseline\20260621-162249\backups\phase10-baseline\20260621-162249\backups\phase10-baseline\20260621-162249\backups\phase10-baseline\20260621-162249\backups\phase10-baseline\20260621-162249\backups\phase10-baseline\20260621-162249\backups\phase10-baseline\20260621-162249\backups\phase10-baseline\20260621-162249\backups\phase10-baseline\20260621-162249\backups\phase10-baseline\20260621-162249\backups\phase10-baseline\20260621-162249\backups\phase10-baseline\20260621-162249\backups\phase10-baseline\20260621-162249\backups\phase10-baseline\20260621-162249\backups\phase10-baseline\20260621-162249\backups\phase10-baseline\20260621-162249\backups\phase10-baseline\20260621-162249\backend\litigation360.db","180224","18/6/2026 4:43:31 PM"
"C:\Users\jep_edmundrulz\litigation-360-workspace\litigation-360-software-POLLUTED-ARCHIVE-CUTOVER-V4\backups\phase10-baseline\20260621-162249\backups\phase10-baseline\20260621-162249\backups\phase10-baseline\20260621-162249\backups\phase10-baseline\20260621-162249\backups\phase10-baseline\20260621-162249\backups\phase10-baseline\20260621-162249\backups\phase10-baseline\20260621-162249\backups\phase10-baseline\20260621-162249\backups\phase10-baseline\20260621-162249\backups\phase10-baseline\20260621-162249\backups\phase10-baseline\20260621-162249\backups\phase10-baseline\20260621-162249\backups\phase10-baseline\20260621-162249\backups\phase10-baseline\20260621-162249\backups\phase10-baseline\20260621-162249\backups\phase10-baseline\20260621-162249\backups\phase10-baseline\20260621-162249\backups\phase10-baseline\20260621-162249\backups\phase10-baseline\20260621-162249\backups\phase10-baseline\20260621-162249\backups\phase10-baseline\20260621-162249\backups\phase10-baseline\20260621-162249\backups\phase10-baseline\20260621-162249\backups\phase10-baseline\20260621-162249\backups\phase10-baseline\20260621-162249\backups\phase10-baseline\20260621-162249\backups\phase10-baseline\20260621-162249\backups\phase10-baseline\20260621-162249\backups\phase10-baseline\20260621-162249\backups\phase10-baseline\20260621-162249\backups\phase10-baseline\20260621-162249\backups\phase10-baseline\20260621-162249\backups\phase10-baseline\20260621-162249\backups\phase10-baseline\20260621-162249\backups\phase10-baseline\20260621-162249\backups\phase10-baseline\20260621-162249\backups\phase10-baseline\20260621-162249\backups\phase10-baseline\20260621-162249\backups\phase10-baseline\20260621-162249\backups\phase10-baseline\20260621-162249\backups\phase10-baseline\20260621-162249\backups\phase10-baseline\20260621-162249\backups\phase10-baseline\20260621-162249\backups\phase10-baseline\20260621-162249\backups\phase10-baseline\20260621-162249\backups\phase10-baseline\20260621-162249\backups\phase10-baseline\20260621-162249\backups\phase10-baseline\20260621-162249\backups\phase10-baseline\20260621-162249\backups\phase10-baseline\20260621-162249\backups\phase10-baseline\20260621-162249\backups\phase10-baseline\20260621-162249\backups\phase10-baseline\20260621-162249\backups\phase10-baseline\20260621-162249\backend\litigation360.db","180224","18/6/2026 4:43:31 PM"
"C:\Users\jep_edmundrulz\litigation-360-workspace\litigation-360-software-POLLUTED-ARCHIVE-CUTOVER-V4\snapshots\phase6c-complete\backend\litigation360.db","110592","14/6/2026 9:48:44 AM"
"C:\Users\jep_edmundrulz\litigation-360-workspace\litigation-360-software-POLLUTED-ARCHIVE-CUTOVER-V4\snapshots\phase7b-security-complete\backend\litigation360.db","110592","14/6/2026 9:48:44 AM"
"C:\Users\jep_edmundrulz\litigation-360-workspace\litigation-360-software-POLLUTED-ARCHIVE-CUTOVER-V4\_operations\phase-09-9-hardening\05-recovery-center\backups\litigation360-recovery-test.db","180224","18/6/2026 4:43:31 PM"
"C:\Users\jep_edmundrulz\litigation-360-workspace\litigation-360-software-POLLUTED-ARCHIVE-CUTOVER-V4\_operations\phase-09-9-hardening\06-golden-snapshot\database\litigation360-golden.db","180224","18/6/2026 4:43:31 PM"
"C:\Users\jep_edmundrulz\litigation-360-workspace\litigation-360-software-POLLUTED-ARCHIVE-CUTOVER-V4\_operations\phase-10P-backup-recovery-disaster-readiness\runtime-snapshots\SNP-2026-06-18T17-29-45-265Z\litigation360.db","180224","18/6/2026 4:43:31 PM"
