"Timestamp","Stage","Status","Detail"
"2026-06-21 23:20:37","SSOT v11 Integration","STARTED","Phase 11 governed continuation integration started."
"2026-06-21 23:23:48","SSOT 10ZZZ.3 Integration","STARTED","Certification control integration started."
"2026-06-21 23:25:21","SSOT 10.999 Integration","STARTED","Structural closeout baseline integration started."
"2026-06-21 23:26:11","SSOT 10.9 Integration","STARTED","File governance and module certification baseline integration started."
"2026-06-21 23:42:55","Phase 12.0A","STARTED","Safe SSOT deployment and control structure creation started."
"2026-06-22 00:25:55","Phase 12.0B Feature Lab","STARTED","Safe feature exploration lab creation started."
"2026-06-22 07:50:20","Phase 12.0B Feature Lab","PASS","Safe feature exploration lab created without production unlock."
"2026-06-22 21:22:09","PHASE 12.0B","STARTED","Matter Details governance and blueprint pack deployment started."
"2026-06-22 21:29:29","Discovery","PASS","Existing Matter/Case related documents and files discovered in read-only mode."
"2026-06-22 21:29:29","Matrices","PASS","Matter Details module and route certification matrices created or preserved."
"2026-06-22 21:29:29","Live Monitor","PASS","Matter Details live monitor script created."
"2026-06-22 21:29:29","PHASE 12.0B","PASS","Matter Details governance pack completed."
