"Name","FullName","LastWriteTime","Length"
"MASTER-ARCHITECTURE-DIAGRAM.md","C:\Users\jep_edmundrulz\litigation-360-workspace\litigation-360-software\_operations\enterprise-architecture\docs\MASTER-ARCHITECTURE-DIAGRAM.md","19/6/2026 2:02:48 PM","442"
"MASTER-AUTOMATION-REGISTRY.md","C:\Users\jep_edmundrulz\litigation-360-workspace\litigation-360-software\_operations\enterprise-architecture\docs\MASTER-AUTOMATION-REGISTRY.md","19/6/2026 2:02:48 PM","1003"
"MASTER-CRITICALITY-REGISTRY.md","C:\Users\jep_edmundrulz\litigation-360-workspace\litigation-360-software\_operations\enterprise-architecture\docs\MASTER-CRITICALITY-REGISTRY.md","19/6/2026 2:02:48 PM","587"
"MASTER-ENDPOINT-REGISTRY.md","C:\Users\jep_edmundrulz\litigation-360-workspace\litigation-360-software\_operations\enterprise-architecture\docs\MASTER-ENDPOINT-REGISTRY.md","19/6/2026 2:02:48 PM","21855"
"MASTER-ENGINE-REGISTRY.md","C:\Users\jep_edmundrulz\litigation-360-workspace\litigation-360-software\_operations\enterprise-architecture\docs\MASTER-ENGINE-REGISTRY.md","19/6/2026 2:02:48 PM","5327"
"MASTER-ROUTE-REGISTRY.md","C:\Users\jep_edmundrulz\litigation-360-workspace\litigation-360-software\_operations\enterprise-architecture\docs\MASTER-ROUTE-REGISTRY.md","19/6/2026 2:02:48 PM","4854"
"MASTER-WORKFLOW-REGISTRY.md","C:\Users\jep_edmundrulz\litigation-360-workspace\litigation-360-software\_operations\enterprise-architecture\docs\MASTER-WORKFLOW-REGISTRY.md","19/6/2026 2:02:48 PM","681"
"PHASE10X3A-ENTERPRISE-ARCHITECTURE-REGISTRY-PROTOCOL.md","C:\Users\jep_edmundrulz\litigation-360-workspace\litigation-360-software\_operations\enterprise-architecture\docs\PHASE10X3A-ENTERPRISE-ARCHITECTURE-REGISTRY-PROTOCOL.md","19/6/2026 2:02:47 PM","1096"
"PHASE-09-5B-AUTOMATION-PIPELINE-VERIFICATION.md","C:\Users\jep_edmundrulz\litigation-360-workspace\litigation-360-software\_operations\enterprise-audit\PHASE-09-5B-AUTOMATION-PIPELINE-VERIFICATION.md","18/6/2026 11:41:44 AM","637"
"PHASE-09-5B-CONSUMER-ENGINE-VERIFICATION.md","C:\Users\jep_edmundrulz\litigation-360-workspace\litigation-360-software\_operations\enterprise-audit\PHASE-09-5B-CONSUMER-ENGINE-VERIFICATION.md","18/6/2026 11:22:11 AM","412"
"PHASE-09-5BC-FINAL-VERIFICATION.md","C:\Users\jep_edmundrulz\litigation-360-workspace\litigation-360-software\_operations\enterprise-audit\PHASE-09-5BC-FINAL-VERIFICATION.md","18/6/2026 12:03:02 PM","653"
"MASTER-DEPLOYMENT-CHECKLIST.md","C:\Users\jep_edmundrulz\litigation-360-workspace\litigation-360-software\_operations\enterprise-governance\checklists\MASTER-DEPLOYMENT-CHECKLIST.md","19/6/2026 3:28:38 PM","363"
"MASTER-HANDOVER-CHECKLIST.md","C:\Users\jep_edmundrulz\litigation-360-workspace\litigation-360-software\_operations\enterprise-governance\checklists\MASTER-HANDOVER-CHECKLIST.md","19/6/2026 3:28:38 PM","343"
"MASTER-BACKEND-REGISTRY.md","C:\Users\jep_edmundrulz\litigation-360-workspace\litigation-360-software\_operations\enterprise-governance\docs\MASTER-BACKEND-REGISTRY.md","19/6/2026 3:28:38 PM","218"
"MASTER-DATABASE-REGISTRY.md","C:\Users\jep_edmundrulz\litigation-360-workspace\litigation-360-software\_operations\enterprise-governance\docs\MASTER-DATABASE-REGISTRY.md","19/6/2026 3:28:38 PM","208"
"MASTER-DEPLOYMENT-PROTOCOL.md","C:\Users\jep_edmundrulz\litigation-360-workspace\litigation-360-software\_operations\enterprise-governance\docs\MASTER-DEPLOYMENT-PROTOCOL.md","19/6/2026 3:28:38 PM","640"
"MASTER-ENDPOINT-REGISTRY.md","C:\Users\jep_edmundrulz\litigation-360-workspace\litigation-360-software\_operations\enterprise-governance\docs\MASTER-ENDPOINT-REGISTRY.md","19/6/2026 3:28:38 PM","569"
"MASTER-ENGINE-REGISTRY.md","C:\Users\jep_edmundrulz\litigation-360-workspace\litigation-360-software\_operations\enterprise-governance\docs\MASTER-ENGINE-REGISTRY.md","19/6/2026 3:28:38 PM","390"
"MASTER-FRONTEND-REGISTRY.md","C:\Users\jep_edmundrulz\litigation-360-workspace\litigation-360-software\_operations\enterprise-governance\docs\MASTER-FRONTEND-REGISTRY.md","19/6/2026 3:28:38 PM","269"
"MASTER-OPERATIONS-HANDBOOK.md","C:\Users\jep_edmundrulz\litigation-360-workspace\litigation-360-software\_operations\enterprise-governance\docs\MASTER-OPERATIONS-HANDBOOK.md","19/6/2026 3:28:38 PM","2035"
"MASTER-RECOVERY-PROTOCOL.md","C:\Users\jep_edmundrulz\litigation-360-workspace\litigation-360-software\_operations\enterprise-governance\docs\MASTER-RECOVERY-PROTOCOL.md","19/6/2026 3:28:38 PM","388"
"MASTER-ROLLBACK-PROTOCOL.md","C:\Users\jep_edmundrulz\litigation-360-workspace\litigation-360-software\_operations\enterprise-governance\docs\MASTER-ROLLBACK-PROTOCOL.md","19/6/2026 3:28:38 PM","465"
"MASTER-TESTING-PROTOCOL.md","C:\Users\jep_edmundrulz\litigation-360-workspace\litigation-360-software\_operations\enterprise-governance\docs\MASTER-TESTING-PROTOCOL.md","19/6/2026 3:28:38 PM","474"
"MASTER-VALIDATION-PROTOCOL.md","C:\Users\jep_edmundrulz\litigation-360-workspace\litigation-360-software\_operations\enterprise-governance\docs\MASTER-VALIDATION-PROTOCOL.md","19/6/2026 3:28:38 PM","1517"
"FUTURE-ROADMAP.md","C:\Users\jep_edmundrulz\litigation-360-workspace\litigation-360-software\_operations\executive-knowledge-registry\FUTURE-ROADMAP.md","20/6/2026 2:32:30 PM","447"
"KNOWN-RISKS.md","C:\Users\jep_edmundrulz\litigation-360-workspace\litigation-360-software\_operations\executive-knowledge-registry\KNOWN-RISKS.md","20/6/2026 2:32:30 PM","950"
"LESSONS-LEARNED.md","C:\Users\jep_edmundrulz\litigation-360-workspace\litigation-360-software\_operations\executive-knowledge-registry\LESSONS-LEARNED.md","20/6/2026 2:32:30 PM","874"
"MAJOR-DECISIONS.md","C:\Users\jep_edmundrulz\litigation-360-workspace\litigation-360-software\_operations\executive-knowledge-registry\MAJOR-DECISIONS.md","20/6/2026 2:32:30 PM","768"
"PROJECT-EVOLUTION.md","C:\Users\jep_edmundrulz\litigation-360-workspace\litigation-360-software\_operations\executive-knowledge-registry\PROJECT-EVOLUTION.md","20/6/2026 2:32:30 PM","275"
"NEXT-THREAD-OPENING-PROMPT.md","C:\Users\jep_edmundrulz\litigation-360-workspace\litigation-360-software\_operations\phase-10A-cleanup-and-handover\handover\NEXT-THREAD-OPENING-PROMPT.md","18/6/2026 5:39:13 PM","1101"
"PHASE10A-FINISHER-PROTOCOL.md","C:\Users\jep_edmundrulz\litigation-360-workspace\litigation-360-software\_operations\phase-10A-handler-registry-finisher\docs\PHASE10A-FINISHER-PROTOCOL.md","18/6/2026 6:17:19 PM","749"
"PHASE10B-EVENT-BUS-PROTOCOL.md","C:\Users\jep_edmundrulz\litigation-360-workspace\litigation-360-software\_operations\phase-10B-universal-event-bus\docs\PHASE10B-EVENT-BUS-PROTOCOL.md","18/6/2026 6:51:02 PM","1017"
"PHASE10C-NOTIFICATION-FRAMEWORK-PROTOCOL.md","C:\Users\jep_edmundrulz\litigation-360-workspace\litigation-360-software\_operations\phase-10C-notification-framework\docs\PHASE10C-NOTIFICATION-FRAMEWORK-PROTOCOL.md","18/6/2026 6:59:40 PM","1338"
"PHASE10D-WORKFLOW-ENGINE-PROTOCOL.md","C:\Users\jep_edmundrulz\litigation-360-workspace\litigation-360-software\_operations\phase-10D-workflow-automation-engine\docs\PHASE10D-WORKFLOW-ENGINE-PROTOCOL.md","18/6/2026 7:14:35 PM","1515"
"PHASE10E-DOCUMENT-LIFECYCLE-PROTOCOL.md","C:\Users\jep_edmundrulz\litigation-360-workspace\litigation-360-software\_operations\phase-10E-document-lifecycle-engine\docs\PHASE10E-DOCUMENT-LIFECYCLE-PROTOCOL.md","18/6/2026 7:36:24 PM","1772"
"PHASE10F-COURT-OPERATIONS-PROTOCOL.md","C:\Users\jep_edmundrulz\litigation-360-workspace\litigation-360-software\_operations\phase-10F-court-operations-engine\docs\PHASE10F-COURT-OPERATIONS-PROTOCOL.md","18/6/2026 7:51:14 PM","1636"
"PHASE10G-MATTER-INTELLIGENCE-PROTOCOL.md","C:\Users\jep_edmundrulz\litigation-360-workspace\litigation-360-software\_operations\phase-10G-matter-intelligence-engine\docs\PHASE10G-MATTER-INTELLIGENCE-PROTOCOL.md","18/6/2026 8:47:20 PM","1629"
"PHASE10H-EXECUTIVE-COMMAND-CENTRE-PROTOCOL.md","C:\Users\jep_edmundrulz\litigation-360-workspace\litigation-360-software\_operations\phase-10H-executive-command-centre\docs\PHASE10H-EXECUTIVE-COMMAND-CENTRE-PROTOCOL.md","18/6/2026 9:06:03 PM","1059"
"PHASE10I-LEGAL-OPERATIONS-ASSISTANT-PROTOCOL.md","C:\Users\jep_edmundrulz\litigation-360-workspace\litigation-360-software\_operations\phase-10I-legal-operations-assistant-core\docs\PHASE10I-LEGAL-OPERATIONS-ASSISTANT-PROTOCOL.md","18/6/2026 9:14:26 PM","1086"
"PHASE10J-PREDICTIVE-ANALYTICS-PROTOCOL.md","C:\Users\jep_edmundrulz\litigation-360-workspace\litigation-360-software\_operations\phase-10J-predictive-litigation-analytics\docs\PHASE10J-PREDICTIVE-ANALYTICS-PROTOCOL.md","18/6/2026 9:53:57 PM","1068"
"PHASE10K-COURT-NAVIGATION-PROTOCOL.md","C:\Users\jep_edmundrulz\litigation-360-workspace\litigation-360-software\_operations\phase-10K-court-navigation-intelligence\docs\PHASE10K-COURT-NAVIGATION-PROTOCOL.md","18/6/2026 10:07:40 PM","1151"
"PHASE10K-PERKESO-INDUSTRIAL-COURT-PATCH-PROTOCOL.md","C:\Users\jep_edmundrulz\litigation-360-workspace\litigation-360-software\_operations\phase-10K-court-registry-perkeso-industrial-court-patch\docs\PHASE10K-PERKESO-INDUSTRIAL-COURT-PATCH-PROTOCOL.md","18/6/2026 10:14:22 PM","1012"
"PHASE10M-AUTONOMOUS-OPERATIONS-PROTOCOL.md","C:\Users\jep_edmundrulz\litigation-360-workspace\litigation-360-software\_operations\phase-10M-autonomous-operations-engine\docs\PHASE10M-AUTONOMOUS-OPERATIONS-PROTOCOL.md","18/6/2026 10:48:20 PM","1105"
"PHASE10N-ENTERPRISE-GOVERNANCE-PROTOCOL.md","C:\Users\jep_edmundrulz\litigation-360-workspace\litigation-360-software\_operations\phase-10N-enterprise-governance\docs\PHASE10N-ENTERPRISE-GOVERNANCE-PROTOCOL.md","19/6/2026 12:07:45 AM","1310"
"CHANGE-REQUEST-TEMPLATE.md","C:\Users\jep_edmundrulz\litigation-360-workspace\litigation-360-software\_operations\phase-10N-governance\templates\CHANGE-REQUEST-TEMPLATE.md","19/6/2026 11:55:52 PM","28"
"DECISION-TEMPLATE.md","C:\Users\jep_edmundrulz\litigation-360-workspace\litigation-360-software\_operations\phase-10N-governance\templates\DECISION-TEMPLATE.md","19/6/2026 11:55:52 PM","22"
"INCIDENT-TEMPLATE.md","C:\Users\jep_edmundrulz\litigation-360-workspace\litigation-360-software\_operations\phase-10N-governance\templates\INCIDENT-TEMPLATE.md","19/6/2026 11:55:52 PM","22"
"RELEASE-TEMPLATE.md","C:\Users\jep_edmundrulz\litigation-360-workspace\litigation-360-software\_operations\phase-10N-governance\templates\RELEASE-TEMPLATE.md","19/6/2026 11:55:52 PM","21"
"RISK-TEMPLATE.md","C:\Users\jep_edmundrulz\litigation-360-workspace\litigation-360-software\_operations\phase-10N-governance\templates\RISK-TEMPLATE.md","19/6/2026 11:55:52 PM","18"
"PHASE10O-HARDENING-PROTOCOL.md","C:\Users\jep_edmundrulz\litigation-360-workspace\litigation-360-software\_operations\phase-10O-enterprise-hardening\docs\PHASE10O-HARDENING-PROTOCOL.md","19/6/2026 1:06:59 AM","1054"
"PHASE10P-BACKUP-RECOVERY-PROTOCOL.md","C:\Users\jep_edmundrulz\litigation-360-workspace\litigation-360-software\_operations\phase-10P-backup-recovery-disaster-readiness\docs\PHASE10P-BACKUP-RECOVERY-PROTOCOL.md","19/6/2026 1:29:45 AM","742"
"PHASE10Q-MONITORING-PROTOCOL.md","C:\Users\jep_edmundrulz\litigation-360-workspace\litigation-360-software\_operations\phase-10Q-enterprise-monitoring\docs\PHASE10Q-MONITORING-PROTOCOL.md","19/6/2026 7:52:40 AM","1272"
"PHASE10R-PERFORMANCE-PROTOCOL.md","C:\Users\jep_edmundrulz\litigation-360-workspace\litigation-360-software\_operations\phase-10R-performance-optimization\docs\PHASE10R-PERFORMANCE-PROTOCOL.md","19/6/2026 8:43:37 AM","576"
"PHASE10S-FRONTEND-DASHBOARD-V2-FIX.md","C:\Users\jep_edmundrulz\litigation-360-workspace\litigation-360-software\_operations\phase-10S-frontend-dashboard-v2-fix\docs\PHASE10S-FRONTEND-DASHBOARD-V2-FIX.md","19/6/2026 9:55:45 AM","669"
"PHASE10S-FRONTEND-DASHBOARD-PROTOCOL.md","C:\Users\jep_edmundrulz\litigation-360-workspace\litigation-360-software\_operations\phase-10S-frontend-operations-dashboard\docs\PHASE10S-FRONTEND-DASHBOARD-PROTOCOL.md","19/6/2026 9:34:58 AM","1240"
"PHASE10T-FRONTEND-APP-INTEGRATION.md","C:\Users\jep_edmundrulz\litigation-360-workspace\litigation-360-software\_operations\phase-10T-frontend-app-integration\docs\PHASE10T-FRONTEND-APP-INTEGRATION.md","19/6/2026 10:22:23 AM","513"
"PHASE10U-CONNECTIVITY-VALIDATOR.md","C:\Users\jep_edmundrulz\litigation-360-workspace\litigation-360-software\_operations\phase-10U-frontend-backend-connectivity-validator\docs\PHASE10U-CONNECTIVITY-VALIDATOR.md","19/6/2026 11:12:41 AM","1048"
"PHASE10V-FRONTEND-SMOKE-TESTING.md","C:\Users\jep_edmundrulz\litigation-360-workspace\litigation-360-software\_operations\phase-10V-frontend-smoke-testing\docs\PHASE10V-FRONTEND-SMOKE-TESTING.md","19/6/2026 11:34:12 AM","679"
"PHASE10W-FRONTEND-BUILD-PROTOCOL.md","C:\Users\jep_edmundrulz\litigation-360-workspace\litigation-360-software\_operations\phase-10W-frontend-build-production-validation\docs\PHASE10W-FRONTEND-BUILD-PROTOCOL.md","19/6/2026 12:18:03 PM","914"
"PHASE10X_GUI_REPLACEMENT_REPORT.md","C:\Users\jep_edmundrulz\litigation-360-workspace\litigation-360-software\_operations\phase-10X-gui-replacement\reports\PHASE10X_GUI_REPLACEMENT_REPORT.md","19/6/2026 12:26:39 PM","281"
"PHASE10X0-BASELINE-AUDIT-PROTOCOL.md","C:\Users\jep_edmundrulz\litigation-360-workspace\litigation-360-software\_operations\phase-10X0-deployment-readiness-baseline-audit\docs\PHASE10X0-BASELINE-AUDIT-PROTOCOL.md","19/6/2026 12:30:04 PM","1832"
"PHASE10X1-DEPLOYMENT-READINESS-CENTRE.md","C:\Users\jep_edmundrulz\litigation-360-workspace\litigation-360-software\_operations\phase-10X1-deployment-readiness-centre\docs\PHASE10X1-DEPLOYMENT-READINESS-CENTRE.md","19/6/2026 1:00:18 PM","1078"
"PHASE10X2-ENVIRONMENT-VALIDATION.md","C:\Users\jep_edmundrulz\litigation-360-workspace\litigation-360-software\_operations\phase-10X2-environment-validation-engine\docs\PHASE10X2-ENVIRONMENT-VALIDATION.md","19/6/2026 1:19:31 PM","921"
"PHASE10X3-RELEASE-VALIDATOR.md","C:\Users\jep_edmundrulz\litigation-360-workspace\litigation-360-software\_operations\phase-10X3-release-validator\docs\PHASE10X3-RELEASE-VALIDATOR.md","19/6/2026 1:28:44 PM","738"
"ENTERPRISE-DEPLOYMENT-CRITERIA.md","C:\Users\jep_edmundrulz\litigation-360-workspace\litigation-360-software\_operations\phase-10X4-deployment-scoring-engine\docs\ENTERPRISE-DEPLOYMENT-CRITERIA.md","19/6/2026 2:12:52 PM","256"
"ENTERPRISE-GRADE-MODEL.md","C:\Users\jep_edmundrulz\litigation-360-workspace\litigation-360-software\_operations\phase-10X4-deployment-scoring-engine\docs\ENTERPRISE-GRADE-MODEL.md","19/6/2026 2:12:52 PM","122"
"ENTERPRISE-RISK-MODEL.md","C:\Users\jep_edmundrulz\litigation-360-workspace\litigation-360-software\_operations\phase-10X4-deployment-scoring-engine\docs\ENTERPRISE-RISK-MODEL.md","19/6/2026 2:12:52 PM","149"
"ENTERPRISE-SCORING-PROTOCOL.md","C:\Users\jep_edmundrulz\litigation-360-workspace\litigation-360-software\_operations\phase-10X4-deployment-scoring-engine\docs\ENTERPRISE-SCORING-PROTOCOL.md","19/6/2026 2:12:52 PM","394"
"PHASE10X5-EXECUTIVE-DEPLOYMENT-DASHBOARD.md","C:\Users\jep_edmundrulz\litigation-360-workspace\litigation-360-software\_operations\phase-10X5-executive-deployment-dashboard\docs\PHASE10X5-EXECUTIVE-DEPLOYMENT-DASHBOARD.md","19/6/2026 2:35:15 PM","749"
"DEPLOYMENT-APPROVAL-RULES.md","C:\Users\jep_edmundrulz\litigation-360-workspace\litigation-360-software\_operations\phase-10X6-deployment-gatekeeper\docs\DEPLOYMENT-APPROVAL-RULES.md","19/6/2026 3:11:33 PM","263"
"DEPLOYMENT-DECISION-HISTORY.md","C:\Users\jep_edmundrulz\litigation-360-workspace\litigation-360-software\_operations\phase-10X6-deployment-gatekeeper\docs\DEPLOYMENT-DECISION-HISTORY.md","19/6/2026 3:11:33 PM","359"
"DEPLOYMENT-GATEKEEPER-PROTOCOL.md","C:\Users\jep_edmundrulz\litigation-360-workspace\litigation-360-software\_operations\phase-10X6-deployment-gatekeeper\docs\DEPLOYMENT-GATEKEEPER-PROTOCOL.md","19/6/2026 3:11:33 PM","824"
"DEPLOYMENT-OVERRIDE-PROTOCOL.md","C:\Users\jep_edmundrulz\litigation-360-workspace\litigation-360-software\_operations\phase-10X6-deployment-gatekeeper\docs\DEPLOYMENT-OVERRIDE-PROTOCOL.md","19/6/2026 3:11:33 PM","312"
"DEPLOYMENT-REJECTION-RULES.md","C:\Users\jep_edmundrulz\litigation-360-workspace\litigation-360-software\_operations\phase-10X6-deployment-gatekeeper\docs\DEPLOYMENT-REJECTION-RULES.md","19/6/2026 3:11:33 PM","252"
"PHASE10Y_DOCUMENTATION.md","C:\Users\jep_edmundrulz\litigation-360-workspace\litigation-360-software\_operations\phase-10Y-gui-stabilisation\docs\PHASE10Y_DOCUMENTATION.md","19/6/2026 12:32:48 PM","500"
"PHASE10Y_VERIFICATION_CHECKLIST.md","C:\Users\jep_edmundrulz\litigation-360-workspace\litigation-360-software\_operations\phase-10Y-gui-stabilisation\reports\PHASE10Y_VERIFICATION_CHECKLIST.md","19/6/2026 12:32:48 PM","377"
"MASTER-COURT-REGISTRY.md","C:\Users\jep_edmundrulz\litigation-360-workspace\litigation-360-software\_operations\phase-10Y0-enterprise-master-registry-digital-twin\docs\MASTER-COURT-REGISTRY.md","19/6/2026 3:51:05 PM","151"
"MASTER-DEPENDENCY-MAP.md","C:\Users\jep_edmundrulz\litigation-360-workspace\litigation-360-software\_operations\phase-10Y0-enterprise-master-registry-digital-twin\docs\MASTER-DEPENDENCY-MAP.md","19/6/2026 3:51:05 PM","286"
"MASTER-DIGITAL-TWIN.md","C:\Users\jep_edmundrulz\litigation-360-workspace\litigation-360-software\_operations\phase-10Y0-enterprise-master-registry-digital-twin\docs\MASTER-DIGITAL-TWIN.md","19/6/2026 3:51:05 PM","294"
"MASTER-IMPACT-ANALYSIS.md","C:\Users\jep_edmundrulz\litigation-360-workspace\litigation-360-software\_operations\phase-10Y0-enterprise-master-registry-digital-twin\docs\MASTER-IMPACT-ANALYSIS.md","19/6/2026 3:51:05 PM","727"
"MASTER-INTEGRATION-REGISTRY.md","C:\Users\jep_edmundrulz\litigation-360-workspace\litigation-360-software\_operations\phase-10Y0-enterprise-master-registry-digital-twin\docs\MASTER-INTEGRATION-REGISTRY.md","19/6/2026 3:51:05 PM","184"
"MASTER-PERKESO-REGISTRY.md","C:\Users\jep_edmundrulz\litigation-360-workspace\litigation-360-software\_operations\phase-10Y0-enterprise-master-registry-digital-twin\docs\MASTER-PERKESO-REGISTRY.md","19/6/2026 3:51:05 PM","130"
"MASTER-SYSTEM-REGISTRY.md","C:\Users\jep_edmundrulz\litigation-360-workspace\litigation-360-software\_operations\phase-10Y0-enterprise-master-registry-digital-twin\docs\MASTER-SYSTEM-REGISTRY.md","19/6/2026 3:51:05 PM","496"
"MASTER-TECHNICAL-DEBT-REPORT.md","C:\Users\jep_edmundrulz\litigation-360-workspace\litigation-360-software\_operations\phase-10Y0-enterprise-master-registry-digital-twin\docs\MASTER-TECHNICAL-DEBT-REPORT.md","19/6/2026 3:51:05 PM","230"
"PHASE10Y0-MASTER-REGISTRY-DIGITAL-TWIN-PROTOCOL.md","C:\Users\jep_edmundrulz\litigation-360-workspace\litigation-360-software\_operations\phase-10Y0-enterprise-master-registry-digital-twin\docs\PHASE10Y0-MASTER-REGISTRY-DIGITAL-TWIN-PROTOCOL.md","19/6/2026 3:51:04 PM","1372"
"PHASE-10Z-FINAL-GATE-REGRESSION-AUDIT-PROTOCOL.md","C:\Users\jep_edmundrulz\litigation-360-workspace\litigation-360-software\_operations\phase-10Z-final-gate-regression-audit\docs\PHASE-10Z-FINAL-GATE-REGRESSION-AUDIT-PROTOCOL.md","19/6/2026 5:32:34 PM","1695"
"ALERT-MANAGEMENT-PROTOCOL.md","C:\Users\jep_edmundrulz\litigation-360-workspace\litigation-360-software\_operations\phase-10Z0-enterprise-operations-command-centre\docs\ALERT-MANAGEMENT-PROTOCOL.md","19/6/2026 4:16:48 PM","258"
"ENTERPRISE-OPERATIONS-HANDBOOK.md","C:\Users\jep_edmundrulz\litigation-360-workspace\litigation-360-software\_operations\phase-10Z0-enterprise-operations-command-centre\docs\ENTERPRISE-OPERATIONS-HANDBOOK.md","19/6/2026 4:16:48 PM","730"
"INDUSTRIAL-COURT-PROTOCOL.md","C:\Users\jep_edmundrulz\litigation-360-workspace\litigation-360-software\_operations\phase-10Z0-enterprise-operations-command-centre\docs\INDUSTRIAL-COURT-PROTOCOL.md","19/6/2026 4:16:48 PM","151"
"OPERATIONS-CENTRE-PROTOCOL.md","C:\Users\jep_edmundrulz\litigation-360-workspace\litigation-360-software\_operations\phase-10Z0-enterprise-operations-command-centre\docs\OPERATIONS-CENTRE-PROTOCOL.md","19/6/2026 4:16:48 PM","244"
"PERKESO-OPERATIONS-PROTOCOL.md","C:\Users\jep_edmundrulz\litigation-360-workspace\litigation-360-software\_operations\phase-10Z0-enterprise-operations-command-centre\docs\PERKESO-OPERATIONS-PROTOCOL.md","19/6/2026 4:16:48 PM","231"
"ALERT-MANAGEMENT-PROTOCOL.md","C:\Users\jep_edmundrulz\litigation-360-workspace\litigation-360-software\_operations\phase-10Z1-alert-escalation-centre\docs\ALERT-MANAGEMENT-PROTOCOL.md","19/6/2026 5:02:43 PM","3172"
"ALERT-RESOLUTION-PROCESS.md","C:\Users\jep_edmundrulz\litigation-360-workspace\litigation-360-software\_operations\phase-10Z1-alert-escalation-centre\docs\ALERT-RESOLUTION-PROCESS.md","19/6/2026 5:02:43 PM","3171"
"ALERT-SEVERITY-MODEL.md","C:\Users\jep_edmundrulz\litigation-360-workspace\litigation-360-software\_operations\phase-10Z1-alert-escalation-centre\docs\ALERT-SEVERITY-MODEL.md","19/6/2026 5:02:43 PM","3167"
"COURT-DEADLINE-ALERTS.md","C:\Users\jep_edmundrulz\litigation-360-workspace\litigation-360-software\_operations\phase-10Z1-alert-escalation-centre\docs\COURT-DEADLINE-ALERTS.md","19/6/2026 5:02:43 PM","3168"
"DEPLOYMENT-ALERTS.md","C:\Users\jep_edmundrulz\litigation-360-workspace\litigation-360-software\_operations\phase-10Z1-alert-escalation-centre\docs\DEPLOYMENT-ALERTS.md","19/6/2026 5:02:43 PM","3164"
"ESCALATION-PROTOCOL.md","C:\Users\jep_edmundrulz\litigation-360-workspace\litigation-360-software\_operations\phase-10Z1-alert-escalation-centre\docs\ESCALATION-PROTOCOL.md","19/6/2026 5:02:43 PM","3166"
"INDUSTRIAL-COURT-ALERTS.md","C:\Users\jep_edmundrulz\litigation-360-workspace\litigation-360-software\_operations\phase-10Z1-alert-escalation-centre\docs\INDUSTRIAL-COURT-ALERTS.md","19/6/2026 5:02:43 PM","3170"
"LIVE-MONITORING-AND-PERFORMANCE.md","C:\Users\jep_edmundrulz\litigation-360-workspace\litigation-360-software\_operations\phase-10Z1-alert-escalation-centre\docs\LIVE-MONITORING-AND-PERFORMANCE.md","19/6/2026 5:02:43 PM","891"
"NOTIFICATION-PROTOCOL.md","C:\Users\jep_edmundrulz\litigation-360-workspace\litigation-360-software\_operations\phase-10Z1-alert-escalation-centre\docs\NOTIFICATION-PROTOCOL.md","19/6/2026 5:02:43 PM","3168"
"PERKESO-ALERTS.md","C:\Users\jep_edmundrulz\litigation-360-workspace\litigation-360-software\_operations\phase-10Z1-alert-escalation-centre\docs\PERKESO-ALERTS.md","19/6/2026 5:02:43 PM","3161"
"ANALYTICS-VALIDATION-PROCESS.md","C:\Users\jep_edmundrulz\litigation-360-workspace\litigation-360-software\_operations\phase-10Z2-enterprise-operations-analytics-centre\docs\ANALYTICS-VALIDATION-PROCESS.md","19/6/2026 5:04:48 PM","2365"
"COURT-ANALYTICS-PROTOCOL.md","C:\Users\jep_edmundrulz\litigation-360-workspace\litigation-360-software\_operations\phase-10Z2-enterprise-operations-analytics-centre\docs\COURT-ANALYTICS-PROTOCOL.md","19/6/2026 5:04:48 PM","2361"
"DEPLOYMENT-ANALYTICS.md","C:\Users\jep_edmundrulz\litigation-360-workspace\litigation-360-software\_operations\phase-10Z2-enterprise-operations-analytics-centre\docs\DEPLOYMENT-ANALYTICS.md","19/6/2026 5:04:48 PM","2357"
"EXECUTIVE-ANALYTICS-REPORTING.md","C:\Users\jep_edmundrulz\litigation-360-workspace\litigation-360-software\_operations\phase-10Z2-enterprise-operations-analytics-centre\docs\EXECUTIVE-ANALYTICS-REPORTING.md","19/6/2026 5:04:48 PM","2366"
"INDUSTRIAL-COURT-ANALYTICS.md","C:\Users\jep_edmundrulz\litigation-360-workspace\litigation-360-software\_operations\phase-10Z2-enterprise-operations-analytics-centre\docs\INDUSTRIAL-COURT-ANALYTICS.md","19/6/2026 5:04:48 PM","2363"
"LIVE-MONITORING-PROTOCOL.md","C:\Users\jep_edmundrulz\litigation-360-workspace\litigation-360-software\_operations\phase-10Z2-enterprise-operations-analytics-centre\docs\LIVE-MONITORING-PROTOCOL.md","19/6/2026 5:04:48 PM","2361"
"METRICS-MODEL.md","C:\Users\jep_edmundrulz\litigation-360-workspace\litigation-360-software\_operations\phase-10Z2-enterprise-operations-analytics-centre\docs\METRICS-MODEL.md","19/6/2026 5:04:48 PM","2350"
"OPERATIONS-ANALYTICS-PROTOCOL.md","C:\Users\jep_edmundrulz\litigation-360-workspace\litigation-360-software\_operations\phase-10Z2-enterprise-operations-analytics-centre\docs\OPERATIONS-ANALYTICS-PROTOCOL.md","19/6/2026 5:04:48 PM","2366"
"PERFORMANCE-ANALYTICS-PROTOCOL.md","C:\Users\jep_edmundrulz\litigation-360-workspace\litigation-360-software\_operations\phase-10Z2-enterprise-operations-analytics-centre\docs\PERFORMANCE-ANALYTICS-PROTOCOL.md","19/6/2026 5:04:48 PM","2367"
"PERKESO-ANALYTICS.md","C:\Users\jep_edmundrulz\litigation-360-workspace\litigation-360-software\_operations\phase-10Z2-enterprise-operations-analytics-centre\docs\PERKESO-ANALYTICS.md","19/6/2026 5:04:48 PM","2354"
"COURT-RISK-PREDICTION.md","C:\Users\jep_edmundrulz\litigation-360-workspace\litigation-360-software\_operations\phase-10Z3-predictive-intelligence-engine\docs\COURT-RISK-PREDICTION.md","19/6/2026 5:52:22 PM","1889"
"DEPLOYMENT-RISK-PREDICTION.md","C:\Users\jep_edmundrulz\litigation-360-workspace\litigation-360-software\_operations\phase-10Z3-predictive-intelligence-engine\docs\DEPLOYMENT-RISK-PREDICTION.md","19/6/2026 5:52:22 PM","1894"
"EXECUTIVE-PREDICTION-DASHBOARD.md","C:\Users\jep_edmundrulz\litigation-360-workspace\litigation-360-software\_operations\phase-10Z3-predictive-intelligence-engine\docs\EXECUTIVE-PREDICTION-DASHBOARD.md","19/6/2026 5:52:22 PM","1898"
"FORECASTING-PROTOCOL.md","C:\Users\jep_edmundrulz\litigation-360-workspace\litigation-360-software\_operations\phase-10Z3-predictive-intelligence-engine\docs\FORECASTING-PROTOCOL.md","19/6/2026 5:52:22 PM","1888"
"INDUSTRIAL-COURT-FORECASTING.md","C:\Users\jep_edmundrulz\litigation-360-workspace\litigation-360-software\_operations\phase-10Z3-predictive-intelligence-engine\docs\INDUSTRIAL-COURT-FORECASTING.md","19/6/2026 5:52:22 PM","1896"
"PERKESO-FORECASTING.md","C:\Users\jep_edmundrulz\litigation-360-workspace\litigation-360-software\_operations\phase-10Z3-predictive-intelligence-engine\docs\PERKESO-FORECASTING.md","19/6/2026 5:52:22 PM","1887"
"PHASE-10Z-GAP-REPAIR-PROTOCOL.md","C:\Users\jep_edmundrulz\litigation-360-workspace\litigation-360-software\_operations\phase-10Z3-predictive-intelligence-engine\docs\PHASE-10Z-GAP-REPAIR-PROTOCOL.md","19/6/2026 5:52:22 PM","1897"
"PREDICTIVE-INTELLIGENCE-HANDBOOK.md","C:\Users\jep_edmundrulz\litigation-360-workspace\litigation-360-software\_operations\phase-10Z3-predictive-intelligence-engine\docs\PREDICTIVE-INTELLIGENCE-HANDBOOK.md","19/6/2026 5:52:22 PM","1900"
"RISK-SCORING-MODEL.md","C:\Users\jep_edmundrulz\litigation-360-workspace\litigation-360-software\_operations\phase-10Z3-predictive-intelligence-engine\docs\RISK-SCORING-MODEL.md","19/6/2026 5:52:22 PM","1886"
"TREND-ANALYSIS-PROTOCOL.md","C:\Users\jep_edmundrulz\litigation-360-workspace\litigation-360-software\_operations\phase-10Z3-predictive-intelligence-engine\docs\TREND-ANALYSIS-PROTOCOL.md","19/6/2026 5:52:22 PM","1891"
"WORKLOAD-FORECASTING.md","C:\Users\jep_edmundrulz\litigation-360-workspace\litigation-360-software\_operations\phase-10Z3-predictive-intelligence-engine\docs\WORKLOAD-FORECASTING.md","19/6/2026 5:52:22 PM","1888"
"AUTO-RECOVERY-PROTOCOL.md","C:\Users\jep_edmundrulz\litigation-360-workspace\litigation-360-software\_operations\phase-10Z4-autonomous-operations-supervisor\docs\AUTO-RECOVERY-PROTOCOL.md","19/6/2026 5:18:11 PM","2460"
"AUTO-REMEDIATION-PROTOCOL.md","C:\Users\jep_edmundrulz\litigation-360-workspace\litigation-360-software\_operations\phase-10Z4-autonomous-operations-supervisor\docs\AUTO-REMEDIATION-PROTOCOL.md","19/6/2026 5:18:11 PM","2463"
"AUTONOMOUS-SUPERVISOR-HANDBOOK.md","C:\Users\jep_edmundrulz\litigation-360-workspace\litigation-360-software\_operations\phase-10Z4-autonomous-operations-supervisor\docs\AUTONOMOUS-SUPERVISOR-HANDBOOK.md","19/6/2026 5:18:11 PM","2468"
"COURT-SUPERVISION-PROTOCOL.md","C:\Users\jep_edmundrulz\litigation-360-workspace\litigation-360-software\_operations\phase-10Z4-autonomous-operations-supervisor\docs\COURT-SUPERVISION-PROTOCOL.md","19/6/2026 5:18:11 PM","2464"
"DECISION-ENGINE-PROTOCOL.md","C:\Users\jep_edmundrulz\litigation-360-workspace\litigation-360-software\_operations\phase-10Z4-autonomous-operations-supervisor\docs\DECISION-ENGINE-PROTOCOL.md","19/6/2026 5:18:11 PM","2462"
"DEPLOYMENT-SUPERVISION.md","C:\Users\jep_edmundrulz\litigation-360-workspace\litigation-360-software\_operations\phase-10Z4-autonomous-operations-supervisor\docs\DEPLOYMENT-SUPERVISION.md","19/6/2026 5:18:12 PM","2460"
"EXECUTIVE-CONTROL-MODEL.md","C:\Users\jep_edmundrulz\litigation-360-workspace\litigation-360-software\_operations\phase-10Z4-autonomous-operations-supervisor\docs\EXECUTIVE-CONTROL-MODEL.md","19/6/2026 5:18:12 PM","2461"
"INDUSTRIAL-COURT-SUPERVISION.md","C:\Users\jep_edmundrulz\litigation-360-workspace\litigation-360-software\_operations\phase-10Z4-autonomous-operations-supervisor\docs\INDUSTRIAL-COURT-SUPERVISION.md","19/6/2026 5:18:11 PM","2466"
"PERKESO-SUPERVISION.md","C:\Users\jep_edmundrulz\litigation-360-workspace\litigation-360-software\_operations\phase-10Z4-autonomous-operations-supervisor\docs\PERKESO-SUPERVISION.md","19/6/2026 5:18:12 PM","2457"
"WATCHDOG-PROTOCOL.md","C:\Users\jep_edmundrulz\litigation-360-workspace\litigation-360-software\_operations\phase-10Z4-autonomous-operations-supervisor\docs\WATCHDOG-PROTOCOL.md","19/6/2026 5:18:11 PM","2455"
"PHASE-10Z4-AUTONOMOUS-SUPERVISOR-REPORT.md","C:\Users\jep_edmundrulz\litigation-360-workspace\litigation-360-software\_operations\phase-10Z4-autonomous-operations-supervisor\reports\PHASE-10Z4-AUTONOMOUS-SUPERVISOR-REPORT.md","19/6/2026 5:18:12 PM","78"
"PHASE-10ZY1-METADATA-EXTRACTION-PROTOCOL.md","C:\Users\jep_edmundrulz\litigation-360-workspace\litigation-360-software\_operations\phase-10ZY1-enterprise-metadata-extraction-audit\docs\PHASE-10ZY1-METADATA-EXTRACTION-PROTOCOL.md","20/6/2026 6:56:14 AM","1561"
"DOCUMENTATION-LIFECYCLE-POLICY.md","C:\Users\jep_edmundrulz\litigation-360-workspace\litigation-360-software\_operations\phase-10ZZ0-enterprise-documentation-governance-audit\docs\DOCUMENTATION-LIFECYCLE-POLICY.md","20/6/2026 7:47:53 AM","1094"
"DOCUMENTATION-GAP-ANALYSIS.md","C:\Users\jep_edmundrulz\litigation-360-workspace\litigation-360-software\_operations\phase-10ZZ0-enterprise-documentation-governance-audit\gaps\DOCUMENTATION-GAP-ANALYSIS.md","20/6/2026 7:47:53 AM","1063"
"DOCUMENTATION-COVERAGE-MATRIX.md","C:\Users\jep_edmundrulz\litigation-360-workspace\litigation-360-software\_operations\phase-10ZZ0-enterprise-documentation-governance-audit\matrices\DOCUMENTATION-COVERAGE-MATRIX.md","20/6/2026 7:47:53 AM","1402"
"DOCUMENTATION-OWNERSHIP-MATRIX.md","C:\Users\jep_edmundrulz\litigation-360-workspace\litigation-360-software\_operations\phase-10ZZ0-enterprise-documentation-governance-audit\matrices\DOCUMENTATION-OWNERSHIP-MATRIX.md","20/6/2026 7:47:53 AM","2545"
"MASTER-DOCUMENTATION-REGISTRY.md","C:\Users\jep_edmundrulz\litigation-360-workspace\litigation-360-software\_operations\phase-10ZZ0-enterprise-documentation-governance-audit\registry\MASTER-DOCUMENTATION-REGISTRY.md","20/6/2026 7:47:53 AM","1662"
"DOCUMENTATION-DUPLICATION-REPORT.md","C:\Users\jep_edmundrulz\litigation-360-workspace\litigation-360-software\_operations\phase-10ZZ0-enterprise-documentation-governance-audit\reports\DOCUMENTATION-DUPLICATION-REPORT.md","20/6/2026 7:47:53 AM","498856"
"MISSING-SOPS.md","C:\Users\jep_edmundrulz\litigation-360-workspace\litigation-360-software\_operations\phase-10ZZ1-sop-governance-audit\gaps\MISSING-SOPS.md","20/6/2026 11:09:36 AM","2631"
"SOP-COVERAGE-MATRIX.md","C:\Users\jep_edmundrulz\litigation-360-workspace\litigation-360-software\_operations\phase-10ZZ1-sop-governance-audit\matrices\SOP-COVERAGE-MATRIX.md","20/6/2026 11:09:36 AM","2419"
"SOP-OWNERSHIP-MATRIX.md","C:\Users\jep_edmundrulz\litigation-360-workspace\litigation-360-software\_operations\phase-10ZZ1-sop-governance-audit\matrices\SOP-OWNERSHIP-MATRIX.md","20/6/2026 11:09:36 AM","2949"
"MASTER-SOP-REGISTRY.md","C:\Users\jep_edmundrulz\litigation-360-workspace\litigation-360-software\_operations\phase-10ZZ1-sop-governance-audit\registry\MASTER-SOP-REGISTRY.md","20/6/2026 11:09:36 AM","1035"
"ALERT-ESCALATION-SOP.md","C:\Users\jep_edmundrulz\litigation-360-workspace\litigation-360-software\_operations\phase-10ZZ1-sop-governance-audit\sops\ALERT-ESCALATION-SOP.md","20/6/2026 11:09:36 AM","1924"
"ANALYTICS-SOP.md","C:\Users\jep_edmundrulz\litigation-360-workspace\litigation-360-software\_operations\phase-10ZZ1-sop-governance-audit\sops\ANALYTICS-SOP.md","20/6/2026 11:09:36 AM","1890"
"BILLING-FINANCE-SOP.md","C:\Users\jep_edmundrulz\litigation-360-workspace\litigation-360-software\_operations\phase-10ZZ1-sop-governance-audit\sops\BILLING-FINANCE-SOP.md","20/6/2026 11:09:36 AM","1890"
"CLIENT-INTAKE-SOP.md","C:\Users\jep_edmundrulz\litigation-360-workspace\litigation-360-software\_operations\phase-10ZZ1-sop-governance-audit\sops\CLIENT-INTAKE-SOP.md","20/6/2026 11:09:36 AM","1906"
"COURT-NAVIGATION-SOP.md","C:\Users\jep_edmundrulz\litigation-360-workspace\litigation-360-software\_operations\phase-10ZZ1-sop-governance-audit\sops\COURT-NAVIGATION-SOP.md","20/6/2026 11:09:36 AM","1900"
"COURT-OPERATIONS-SOP.md","C:\Users\jep_edmundrulz\litigation-360-workspace\litigation-360-software\_operations\phase-10ZZ1-sop-governance-audit\sops\COURT-OPERATIONS-SOP.md","20/6/2026 11:09:36 AM","1918"
"DEPLOYMENT-SOP.md","C:\Users\jep_edmundrulz\litigation-360-workspace\litigation-360-software\_operations\phase-10ZZ1-sop-governance-audit\sops\DEPLOYMENT-SOP.md","20/6/2026 11:09:36 AM","1894"
"DOCUMENT-LIFECYCLE-SOP.md","C:\Users\jep_edmundrulz\litigation-360-workspace\litigation-360-software\_operations\phase-10ZZ1-sop-governance-audit\sops\DOCUMENT-LIFECYCLE-SOP.md","20/6/2026 11:09:36 AM","1926"
"EXECUTIVE-OPERATIONS-SOP.md","C:\Users\jep_edmundrulz\litigation-360-workspace\litigation-360-software\_operations\phase-10ZZ1-sop-governance-audit\sops\EXECUTIVE-OPERATIONS-SOP.md","20/6/2026 11:09:36 AM","1934"
"FOUNDATION-OPERATIONS-SOP.md","C:\Users\jep_edmundrulz\litigation-360-workspace\litigation-360-software\_operations\phase-10ZZ1-sop-governance-audit\sops\FOUNDATION-OPERATIONS-SOP.md","20/6/2026 11:09:36 AM","1905"
"GOVERNANCE-SOP.md","C:\Users\jep_edmundrulz\litigation-360-workspace\litigation-360-software\_operations\phase-10ZZ1-sop-governance-audit\sops\GOVERNANCE-SOP.md","20/6/2026 11:09:36 AM","1894"
"INDUSTRIAL-COURT-SOP.md","C:\Users\jep_edmundrulz\litigation-360-workspace\litigation-360-software\_operations\phase-10ZZ1-sop-governance-audit\sops\INDUSTRIAL-COURT-SOP.md","20/6/2026 11:09:36 AM","1918"
"MATTER-MANAGEMENT-SOP.md","C:\Users\jep_edmundrulz\litigation-360-workspace\litigation-360-software\_operations\phase-10ZZ1-sop-governance-audit\sops\MATTER-MANAGEMENT-SOP.md","20/6/2026 11:09:36 AM","1922"
"MONITORING-SOP.md","C:\Users\jep_edmundrulz\litigation-360-workspace\litigation-360-software\_operations\phase-10ZZ1-sop-governance-audit\sops\MONITORING-SOP.md","20/6/2026 11:09:36 AM","1894"
"PERKESO-SOP.md","C:\Users\jep_edmundrulz\litigation-360-workspace\litigation-360-software\_operations\phase-10ZZ1-sop-governance-audit\sops\PERKESO-SOP.md","20/6/2026 11:09:36 AM","1882"
"PREDICTIVE-INTELLIGENCE-SOP.md","C:\Users\jep_edmundrulz\litigation-360-workspace\litigation-360-software\_operations\phase-10ZZ1-sop-governance-audit\sops\PREDICTIVE-INTELLIGENCE-SOP.md","20/6/2026 11:09:36 AM","1946"
"RBAC-ACCESS-CONTROL-SOP.md","C:\Users\jep_edmundrulz\litigation-360-workspace\litigation-360-software\_operations\phase-10ZZ1-sop-governance-audit\sops\RBAC-ACCESS-CONTROL-SOP.md","20/6/2026 11:09:36 AM","1885"
"SECURITY-SOP.md","C:\Users\jep_edmundrulz\litigation-360-workspace\litigation-360-software\_operations\phase-10ZZ1-sop-governance-audit\sops\SECURITY-SOP.md","20/6/2026 11:09:36 AM","1886"
"TESTING-SOP.md","C:\Users\jep_edmundrulz\litigation-360-workspace\litigation-360-software\_operations\phase-10ZZ1-sop-governance-audit\sops\TESTING-SOP.md","20/6/2026 11:09:36 AM","1882"
"TRAINING-SOP.md","C:\Users\jep_edmundrulz\litigation-360-workspace\litigation-360-software\_operations\phase-10ZZ1-sop-governance-audit\sops\TRAINING-SOP.md","20/6/2026 11:09:36 AM","1886"
"VALIDATION-SOP.md","C:\Users\jep_edmundrulz\litigation-360-workspace\litigation-360-software\_operations\phase-10ZZ1-sop-governance-audit\sops\VALIDATION-SOP.md","20/6/2026 11:09:36 AM","1894"
"AUTOMATION-VS-LAWYER-REQUIRED-MATRIX.md","C:\Users\jep_edmundrulz\litigation-360-workspace\litigation-360-software\_operations\phase-10ZZ7-training-succession-ip\AUTOMATION-VS-LAWYER-REQUIRED-MATRIX.md","20/6/2026 2:15:47 PM","0"
"IP-PROTECTION-REGISTER.md","C:\Users\jep_edmundrulz\litigation-360-workspace\litigation-360-software\_operations\phase-10ZZ7-training-succession-ip\IP-PROTECTION-REGISTER.md","20/6/2026 2:15:47 PM","0"
"MASTER-SPECIFICATION.md","C:\Users\jep_edmundrulz\litigation-360-workspace\litigation-360-software\_operations\phase-10ZZ7-training-succession-ip\MASTER-SPECIFICATION.md","20/6/2026 2:23:03 PM","2241"
"OWNER-APPROVAL-MATRIX.md","C:\Users\jep_edmundrulz\litigation-360-workspace\litigation-360-software\_operations\phase-10ZZ7-training-succession-ip\OWNER-APPROVAL-MATRIX.md","20/6/2026 2:24:17 PM","694"
"OWNER-DAILY-REPORT-TEMPLATE.md","C:\Users\jep_edmundrulz\litigation-360-workspace\litigation-360-software\_operations\phase-10ZZ7-training-succession-ip\OWNER-DAILY-REPORT-TEMPLATE.md","20/6/2026 2:15:47 PM","0"
"SUCCESSION-PLAN.md","C:\Users\jep_edmundrulz\litigation-360-workspace\litigation-360-software\_operations\phase-10ZZ7-training-succession-ip\SUCCESSION-PLAN.md","20/6/2026 2:15:47 PM","0"
"TRAINING-MASTER-GUIDE.md","C:\Users\jep_edmundrulz\litigation-360-workspace\litigation-360-software\_operations\phase-10ZZ7-training-succession-ip\TRAINING-MASTER-GUIDE.md","20/6/2026 2:15:47 PM","0"
"SYSTEM-EVOLUTION.md","C:\Users\jep_edmundrulz\litigation-360-workspace\litigation-360-software\_operations\phase-10ZZ8-enterprise-knowledge-management\architecture-history\SYSTEM-EVOLUTION.md","20/6/2026 2:32:30 PM","548"
"BUSINESS-RULES.md","C:\Users\jep_edmundrulz\litigation-360-workspace\litigation-360-software\_operations\phase-10ZZ8-enterprise-knowledge-management\business-rules\BUSINESS-RULES.md","20/6/2026 2:32:30 PM","967"
"MAJOR-DECISIONS.md","C:\Users\jep_edmundrulz\litigation-360-workspace\litigation-360-software\_operations\phase-10ZZ8-enterprise-knowledge-management\decision-registry\MAJOR-DECISIONS.md","20/6/2026 2:32:30 PM","768"
"MASTER-KNOWLEDGE-INDEX.md","C:\Users\jep_edmundrulz\litigation-360-workspace\litigation-360-software\_operations\phase-10ZZ8-enterprise-knowledge-management\knowledge-registry\MASTER-KNOWLEDGE-INDEX.md","20/6/2026 2:32:30 PM","971"
"LESSONS-LEARNED.md","C:\Users\jep_edmundrulz\litigation-360-workspace\litigation-360-software\_operations\phase-10ZZ8-enterprise-knowledge-management\lessons-learned\LESSONS-LEARNED.md","20/6/2026 2:32:30 PM","874"
"OWNER-CONTROL-MANUAL.md","C:\Users\jep_edmundrulz\litigation-360-workspace\litigation-360-software\_operations\phase-10ZZ8-enterprise-knowledge-management\operational-memory\OWNER-CONTROL-MANUAL.md","20/6/2026 2:32:30 PM","1126"
"BILLING-PLAYBOOK.md","C:\Users\jep_edmundrulz\litigation-360-workspace\litigation-360-software\_operations\phase-10ZZ8-enterprise-knowledge-management\playbooks\BILLING-PLAYBOOK.md","20/6/2026 2:32:30 PM","320"
"CLIENT-INTAKE-PLAYBOOK.md","C:\Users\jep_edmundrulz\litigation-360-workspace\litigation-360-software\_operations\phase-10ZZ8-enterprise-knowledge-management\playbooks\CLIENT-INTAKE-PLAYBOOK.md","20/6/2026 2:32:30 PM","351"
"COURT-FILING-PLAYBOOK.md","C:\Users\jep_edmundrulz\litigation-360-workspace\litigation-360-software\_operations\phase-10ZZ8-enterprise-knowledge-management\playbooks\COURT-FILING-PLAYBOOK.md","20/6/2026 2:32:30 PM","309"
"EMERGENCY-RECOVERY-PLAYBOOK.md","C:\Users\jep_edmundrulz\litigation-360-workspace\litigation-360-software\_operations\phase-10ZZ8-enterprise-knowledge-management\playbooks\EMERGENCY-RECOVERY-PLAYBOOK.md","20/6/2026 2:32:30 PM","285"
"MATTER-OPENING-PLAYBOOK.md","C:\Users\jep_edmundrulz\litigation-360-workspace\litigation-360-software\_operations\phase-10ZZ8-enterprise-knowledge-management\playbooks\MATTER-OPENING-PLAYBOOK.md","20/6/2026 2:32:30 PM","323"
"RUNNER-OPERATIONS-PLAYBOOK.md","C:\Users\jep_edmundrulz\litigation-360-workspace\litigation-360-software\_operations\phase-10ZZ8-enterprise-knowledge-management\playbooks\RUNNER-OPERATIONS-PLAYBOOK.md","20/6/2026 2:32:30 PM","309"
"KNOWN-RISKS.md","C:\Users\jep_edmundrulz\litigation-360-workspace\litigation-360-software\_operations\phase-10ZZ8-enterprise-knowledge-management\risk-registry\KNOWN-RISKS.md","20/6/2026 2:32:30 PM","950"
"README.md","C:\Users\jep_edmundrulz\litigation-360-workspace\litigation-360-software\_operations\phase-10ZZ9-safe-change-autopilot\README.md","20/6/2026 3:01:53 PM","690"
"CHANGE-REQUEST-TEMPLATE.md","C:\Users\jep_edmundrulz\litigation-360-workspace\litigation-360-software\_operations\phase-10ZZ9-safe-change-autopilot\01-change-intake\CHANGE-REQUEST-TEMPLATE.md","20/6/2026 3:01:53 PM","572"
"IMPACT-ASSESSMENT-CHECKLIST.md","C:\Users\jep_edmundrulz\litigation-360-workspace\litigation-360-software\_operations\phase-10ZZ9-safe-change-autopilot\02-impact-assessment\IMPACT-ASSESSMENT-CHECKLIST.md","20/6/2026 3:01:53 PM","1084"
"RISK-CONTROL-MATRIX.md","C:\Users\jep_edmundrulz\litigation-360-workspace\litigation-360-software\_operations\phase-10ZZ9-safe-change-autopilot\03-risk-control\RISK-CONTROL-MATRIX.md","20/6/2026 3:01:53 PM","797"
"GIT-BRANCHING-PROTOCOL.md","C:\Users\jep_edmundrulz\litigation-360-workspace\litigation-360-software\_operations\phase-10ZZ9-safe-change-autopilot\04-git-branching\GIT-BRANCHING-PROTOCOL.md","20/6/2026 3:01:53 PM","552"
"TESTING-GATES.md","C:\Users\jep_edmundrulz\litigation-360-workspace\litigation-360-software\_operations\phase-10ZZ9-safe-change-autopilot\05-testing-gates\TESTING-GATES.md","20/6/2026 3:01:53 PM","553"
"SECURITY-REVIEW-CHECKLIST.md","C:\Users\jep_edmundrulz\litigation-360-workspace\litigation-360-software\_operations\phase-10ZZ9-safe-change-autopilot\06-security-review\SECURITY-REVIEW-CHECKLIST.md","20/6/2026 3:01:53 PM","514"
"APPROVAL-WORKFLOW.md","C:\Users\jep_edmundrulz\litigation-360-workspace\litigation-360-software\_operations\phase-10ZZ9-safe-change-autopilot\07-approval-workflow\APPROVAL-WORKFLOW.md","20/6/2026 3:01:53 PM","531"
"DEPLOYMENT-CONTROL-PLAN.md","C:\Users\jep_edmundrulz\litigation-360-workspace\litigation-360-software\_operations\phase-10ZZ9-safe-change-autopilot\08-deployment-control\DEPLOYMENT-CONTROL-PLAN.md","20/6/2026 3:01:53 PM","698"
"ROLLBACK-PLAN-TEMPLATE.md","C:\Users\jep_edmundrulz\litigation-360-workspace\litigation-360-software\_operations\phase-10ZZ9-safe-change-autopilot\09-rollback-control\ROLLBACK-PLAN-TEMPLATE.md","20/6/2026 3:01:53 PM","501"
"LIVE-MONITORING-CHECKLIST.md","C:\Users\jep_edmundrulz\litigation-360-workspace\litigation-360-software\_operations\phase-10ZZ9-safe-change-autopilot\10-live-monitoring\LIVE-MONITORING-CHECKLIST.md","20/6/2026 3:01:53 PM","504"
"LAWYER-AUTOPILOT-MODEL.md","C:\Users\jep_edmundrulz\litigation-360-workspace\litigation-360-software\_operations\phase-10ZZ9-safe-change-autopilot\11-lawyer-autopilot\LAWYER-AUTOPILOT-MODEL.md","20/6/2026 3:01:53 PM","978"
"PROFESSIONAL-OVERRIDE-CONSENT.md","C:\Users\jep_edmundrulz\litigation-360-workspace\litigation-360-software\_operations\phase-10ZZ9-safe-change-autopilot\12-override-consent\PROFESSIONAL-OVERRIDE-CONSENT.md","20/6/2026 3:01:53 PM","1334"
"PERFORMANCE-DASHBOARD-PARAMETERS.md","C:\Users\jep_edmundrulz\litigation-360-workspace\litigation-360-software\_operations\phase-10ZZ9-safe-change-autopilot\13-performance-dashboard\PERFORMANCE-DASHBOARD-PARAMETERS.md","20/6/2026 3:01:53 PM","662"
"RELEASE-HISTORY.md","C:\Users\jep_edmundrulz\litigation-360-workspace\litigation-360-software\_operations\phase-10ZZ9-safe-change-autopilot\14-release-history\RELEASE-HISTORY.md","20/6/2026 3:01:53 PM","217"
"INCIDENT-RESPONSE-PLAN.md","C:\Users\jep_edmundrulz\litigation-360-workspace\litigation-360-software\_operations\phase-10ZZ9-safe-change-autopilot\15-incident-response\INCIDENT-RESPONSE-PLAN.md","20/6/2026 3:01:53 PM","754"
"README.md","C:\Users\jep_edmundrulz\litigation-360-workspace\litigation-360-software\_operations\phase-10ZZA-change-enforcement-engine\README.md","20/6/2026 3:24:50 PM","471"
"MASTER-CONTROL-DASHBOARD.md","C:\Users\jep_edmundrulz\litigation-360-workspace\litigation-360-software\_operations\phase-10ZZA-change-enforcement-engine\01-master-control-dashboard\MASTER-CONTROL-DASHBOARD.md","20/6/2026 3:24:50 PM","545"
"CHANGE-GATE-VALIDATOR-RULES.md","C:\Users\jep_edmundrulz\litigation-360-workspace\litigation-360-software\_operations\phase-10ZZA-change-enforcement-engine\02-change-gate-validator\CHANGE-GATE-VALIDATOR-RULES.md","20/6/2026 3:24:50 PM","493"
"DEPLOYMENT-READINESS-REPORT.md","C:\Users\jep_edmundrulz\litigation-360-workspace\litigation-360-software\_operations\phase-10ZZA-change-enforcement-engine\03-deployment-readiness\DEPLOYMENT-READINESS-REPORT.md","20/6/2026 3:24:50 PM","385"
"LAWYER-OVERRIDE-REGISTRY.md","C:\Users\jep_edmundrulz\litigation-360-workspace\litigation-360-software\_operations\phase-10ZZA-change-enforcement-engine\04-override-registry\LAWYER-OVERRIDE-REGISTRY.md","20/6/2026 3:25:41 PM","332"
"LIVE-SYSTEM-CHECKS.md","C:\Users\jep_edmundrulz\litigation-360-workspace\litigation-360-software\_operations\phase-10ZZA-change-enforcement-engine\05-live-system-checks\LIVE-SYSTEM-CHECKS.md","20/6/2026 3:24:50 PM","318"
"AUTOPILOT-LAWYER-CONTROLS.md","C:\Users\jep_edmundrulz\litigation-360-workspace\litigation-360-software\_operations\phase-10ZZA-change-enforcement-engine\06-autopilot-lawyer-controls\AUTOPILOT-LAWYER-CONTROLS.md","20/6/2026 3:24:50 PM","623"
"RISK-COMMAND-CENTRE.md","C:\Users\jep_edmundrulz\litigation-360-workspace\litigation-360-software\_operations\phase-10ZZA-change-enforcement-engine\07-risk-command-centre\RISK-COMMAND-CENTRE.md","20/6/2026 3:24:50 PM","483"
"DAILY-SYSTEM-STATUS-REPORT.md","C:\Users\jep_edmundrulz\litigation-360-workspace\litigation-360-software\_operations\phase-10ZZA-change-enforcement-engine\08-daily-status-reports\DAILY-SYSTEM-STATUS-REPORT.md","20/6/2026 3:24:50 PM","396"
"PHASE-10ZZA-VERIFICATION.md","C:\Users\jep_edmundrulz\litigation-360-workspace\litigation-360-software\_operations\phase-10ZZA-change-enforcement-engine\09-verification\PHASE-10ZZA-VERIFICATION.md","20/6/2026 3:25:11 PM","140"
"SYSTEM-STATUS-2026-06-20-151059.md","C:\Users\jep_edmundrulz\litigation-360-workspace\litigation-360-software\_operations\phase-10ZZA-change-enforcement-engine\reports\SYSTEM-STATUS-2026-06-20-151059.md","20/6/2026 3:10:59 PM","213"
"SYSTEM-STATUS-2026-06-20-152527.md","C:\Users\jep_edmundrulz\litigation-360-workspace\litigation-360-software\_operations\phase-10ZZA-change-enforcement-engine\reports\SYSTEM-STATUS-2026-06-20-152527.md","20/6/2026 3:25:28 PM","437"
"README.md","C:\Users\jep_edmundrulz\litigation-360-workspace\litigation-360-software\_operations\phase-10ZZA1-enterprise-verification-sweep\README.md","20/6/2026 3:28:38 PM","466"
"AUTONOMOUS-LEGAL-ENTERPRISE-ECOSYSTEM-HANDBOOK.md","C:\Users\jep_edmundrulz\litigation-360-workspace\litigation-360-software\_operations\phase-11-0-autonomous-legal-enterprise-ecosystem-foundation\docs\AUTONOMOUS-LEGAL-ENTERPRISE-ECOSYSTEM-HANDBOOK.md","19/6/2026 5:25:39 PM","1781"
"COURT-AGENCY-INTELLIGENCE-PROTOCOL.md","C:\Users\jep_edmundrulz\litigation-360-workspace\litigation-360-software\_operations\phase-11-0-autonomous-legal-enterprise-ecosystem-foundation\docs\COURT-AGENCY-INTELLIGENCE-PROTOCOL.md","19/6/2026 5:25:39 PM","1769"
"ECOSYSTEM-ORCHESTRATION-PROTOCOL.md","C:\Users\jep_edmundrulz\litigation-360-workspace\litigation-360-software\_operations\phase-11-0-autonomous-legal-enterprise-ecosystem-foundation\docs\ECOSYSTEM-ORCHESTRATION-PROTOCOL.md","19/6/2026 5:25:40 PM","1767"
"EXECUTIVE-ECOSYSTEM-DASHBOARD.md","C:\Users\jep_edmundrulz\litigation-360-workspace\litigation-360-software\_operations\phase-11-0-autonomous-legal-enterprise-ecosystem-foundation\docs\EXECUTIVE-ECOSYSTEM-DASHBOARD.md","19/6/2026 5:25:39 PM","1764"
"GOVERNANCE-AND-SAFETY-GATES.md","C:\Users\jep_edmundrulz\litigation-360-workspace\litigation-360-software\_operations\phase-11-0-autonomous-legal-enterprise-ecosystem-foundation\docs\GOVERNANCE-AND-SAFETY-GATES.md","19/6/2026 5:25:39 PM","1762"
"INDUSTRIAL-COURT-ECOSYSTEM-COVERAGE.md","C:\Users\jep_edmundrulz\litigation-360-workspace\litigation-360-software\_operations\phase-11-0-autonomous-legal-enterprise-ecosystem-foundation\docs\INDUSTRIAL-COURT-ECOSYSTEM-COVERAGE.md","19/6/2026 5:25:40 PM","1770"
"LEGAL-AGENT-REGISTRY.md","C:\Users\jep_edmundrulz\litigation-360-workspace\litigation-360-software\_operations\phase-11-0-autonomous-legal-enterprise-ecosystem-foundation\docs\LEGAL-AGENT-REGISTRY.md","19/6/2026 5:25:39 PM","1755"
"PERKESO-ECOSYSTEM-COVERAGE.md","C:\Users\jep_edmundrulz\litigation-360-workspace\litigation-360-software\_operations\phase-11-0-autonomous-legal-enterprise-ecosystem-foundation\docs\PERKESO-ECOSYSTEM-COVERAGE.md","19/6/2026 5:25:40 PM","1761"
"VALIDATION-AND-TESTING-PROTOCOL.md","C:\Users\jep_edmundrulz\litigation-360-workspace\litigation-360-software\_operations\phase-11-0-autonomous-legal-enterprise-ecosystem-foundation\docs\VALIDATION-AND-TESTING-PROTOCOL.md","19/6/2026 5:25:39 PM","1766"
