"Phase","Check","Status","Evidence"
"10ZZ1A","SOP folder exists","PASS","C:\Users\jep_edmundrulz\litigation-360-workspace\litigation-360-software\_operations\phase-10ZZ1A-enterprise-sop-library"
"10ZZ1A","21 SOPs exist","PASS","SOP Count: 21"
"10ZZ1A","Master SOP registry exists","PASS","C:\Users\jep_edmundrulz\litigation-360-workspace\litigation-360-software\_operations\phase-10ZZ1A-enterprise-sop-library\registry\MASTER-SOP-LIBRARY-INDEX.md"
"10ZZ1A","SOP ownership matrix exists","PASS","C:\Users\jep_edmundrulz\litigation-360-workspace\litigation-360-software\_operations\phase-10ZZ1A-enterprise-sop-library\matrices\SOP-OWNERSHIP-MATRIX.md"
"10ZZ.2","Validation audit folder exists","PASS","C:\Users\jep_edmundrulz\litigation-360-workspace\litigation-360-software\_operations\phase-10ZZ2-validation-governance-audit"
"10ZZ.2","Raw validation inventory exists","PASS","C:\Users\jep_edmundrulz\litigation-360-workspace\litigation-360-software\_operations\phase-10ZZ2-validation-governance-audit\RAW-VALIDATION-INVENTORY.txt"
"10ZZ.2","Validation inventory count greater than zero","PASS","Validation Assets: 684"
"10ZZ.2","Master validation registry exists","PASS","C:\Users\jep_edmundrulz\litigation-360-workspace\litigation-360-software\_operations\phase-10ZZ2-validation-governance-audit\registry\MASTER-VALIDATION-REGISTRY.md"
"10ZZ.2","Validation coverage matrix exists","PASS","C:\Users\jep_edmundrulz\litigation-360-workspace\litigation-360-software\_operations\phase-10ZZ2-validation-governance-audit\matrices\VALIDATION-COVERAGE-MATRIX.md"
"10ZZ.2","Validation report PASS VERIFIED","PASS","C:\Users\jep_edmundrulz\litigation-360-workspace\litigation-360-software\_operations\phase-10ZZ2-validation-governance-audit\reports\PHASE-10ZZ2-VALIDATION-GOVERNANCE-AUDIT-REPORT.md"
"10ZZ.2","PowerShell coverage exists","PASS","PowerShell Files: 266"
"10ZZ.2","Batch coverage exists","PASS","Batch Files: 75"
"10ZZ.2","Log coverage exists","PASS","Log Files: 14"
"10ZZ.3","Testing audit folder exists","PASS","C:\Users\jep_edmundrulz\litigation-360-workspace\litigation-360-software\_operations\phase-10ZZ3-testing-governance-audit"
"10ZZ.3","Testing governance report exists","PASS","C:\Users\jep_edmundrulz\litigation-360-workspace\litigation-360-software\_operations\phase-10ZZ3-testing-governance-audit\reports\PHASE-10ZZ3-TESTING-GOVERNANCE-AUDIT-REPORT.md"
"10ZZ.3","Testing validation result PASS","PASS","C:\Users\jep_edmundrulz\litigation-360-workspace\litigation-360-software\_operations\phase-10ZZ3-testing-governance-audit\validation\PHASE-10ZZ3-VALIDATION-RESULT.md"
"10ZZ.3","Cases/Services/Utilities test coverage exists","PASS","Count: 53"
"10ZZ.3","Testing report PASS VERIFIED","PASS","C:\Users\jep_edmundrulz\litigation-360-workspace\litigation-360-software\_operations\phase-10ZZ3-testing-governance-audit\reports\PHASE-10ZZ3-TESTING-GOVERNANCE-AUDIT-REPORT.md"
"DELIVERABLES","Required file exists","PASS","C:\Users\jep_edmundrulz\litigation-360-workspace\litigation-360-software\_operations\phase-10ZZ1A-enterprise-sop-library\registry\MASTER-SOP-LIBRARY-INDEX.md"
"DELIVERABLES","Required file exists","PASS","C:\Users\jep_edmundrulz\litigation-360-workspace\litigation-360-software\_operations\phase-10ZZ1A-enterprise-sop-library\matrices\SOP-OWNERSHIP-MATRIX.md"
"DELIVERABLES","Required file exists","PASS","C:\Users\jep_edmundrulz\litigation-360-workspace\litigation-360-software\_operations\phase-10ZZ2-validation-governance-audit\registry\MASTER-VALIDATION-REGISTRY.md"
"DELIVERABLES","Required file exists","PASS","C:\Users\jep_edmundrulz\litigation-360-workspace\litigation-360-software\_operations\phase-10ZZ2-validation-governance-audit\matrices\VALIDATION-COVERAGE-MATRIX.md"
"DELIVERABLES","Required file exists","PASS","C:\Users\jep_edmundrulz\litigation-360-workspace\litigation-360-software\_operations\phase-10ZZ2-validation-governance-audit\matrices\VALIDATION-OWNERSHIP-MATRIX.md"
"DELIVERABLES","Required file exists","PASS","C:\Users\jep_edmundrulz\litigation-360-workspace\litigation-360-software\_operations\phase-10ZZ2-validation-governance-audit\reports\MISSING-VALIDATIONS.md"
"DELIVERABLES","Required file exists","PASS","C:\Users\jep_edmundrulz\litigation-360-workspace\litigation-360-software\_operations\phase-10ZZ2-validation-governance-audit\reports\VALIDATION-GAP-ANALYSIS.md"
"DELIVERABLES","Required file exists","PASS","C:\Users\jep_edmundrulz\litigation-360-workspace\litigation-360-software\_operations\phase-10ZZ2-validation-governance-audit\docs\VALIDATION-LIFECYCLE-POLICY.md"
"DELIVERABLES","Required file exists","PASS","C:\Users\jep_edmundrulz\litigation-360-workspace\litigation-360-software\_operations\phase-10ZZ3-testing-governance-audit\registry\MASTER-TEST-REGISTRY.md"
"DELIVERABLES","Required file exists","PASS","C:\Users\jep_edmundrulz\litigation-360-workspace\litigation-360-software\_operations\phase-10ZZ3-testing-governance-audit\matrices\TEST-COVERAGE-MATRIX.md"
"DELIVERABLES","Required file exists","PASS","C:\Users\jep_edmundrulz\litigation-360-workspace\litigation-360-software\_operations\phase-10ZZ3-testing-governance-audit\matrices\TEST-OWNERSHIP-MATRIX.md"
"DELIVERABLES","Required file exists","PASS","C:\Users\jep_edmundrulz\litigation-360-workspace\litigation-360-software\_operations\phase-10ZZ3-testing-governance-audit\reports\MISSING-TESTS.md"
