"Timestamp","Action","Status","Detail","Script","User"
"2026-06-23 12:18:22","PMO tracking system deployment initialized","STARTED","Master deployment script executed.","DEPLOY-PMO-TRACKING-SYSTEM.ps1","jep_edmundrulz"
"2026-06-23 12:18:29","Health check executed","PASS","C:\Users\jep_edmundrulz\litigation-360-workspace\litigation-360-software\_LEOS_CONTROL\PMO_TRACKING\13_HEALTH_CHECKS\HEALTH-CHECK-20260623-121829.md","04-HEALTH-CHECK.ps1","jep_edmundrulz"
"2026-06-23 12:18:31","Dashboard updated","PASS","C:\Users\jep_edmundrulz\litigation-360-workspace\litigation-360-software\_LEOS_CONTROL\PMO_TRACKING\00_DASHBOARD\DASHBOARD.md","06-UPDATE-DASHBOARD.ps1","jep_edmundrulz"
"2026-06-23 12:18:32","Status report generated","PASS","C:\Users\jep_edmundrulz\litigation-360-workspace\litigation-360-software\_LEOS_CONTROL\PMO_TRACKING\02_REPORTS\STATUS-REPORT-20260623-121832.md","03-GENERATE-STATUS-REPORT.ps1","jep_edmundrulz"
"2026-06-23 12:18:45","Health check executed","PASS","C:\Users\jep_edmundrulz\litigation-360-workspace\litigation-360-software\_LEOS_CONTROL\PMO_TRACKING\13_HEALTH_CHECKS\HEALTH-CHECK-20260623-121845.md","04-HEALTH-CHECK.ps1","jep_edmundrulz"
"2026-06-23 12:18:46","Dashboard updated","PASS","C:\Users\jep_edmundrulz\litigation-360-workspace\litigation-360-software\_LEOS_CONTROL\PMO_TRACKING\00_DASHBOARD\DASHBOARD.md","06-UPDATE-DASHBOARD.ps1","jep_edmundrulz"
"2026-06-23 12:18:46","Status report generated","PASS","C:\Users\jep_edmundrulz\litigation-360-workspace\litigation-360-software\_LEOS_CONTROL\PMO_TRACKING\02_REPORTS\STATUS-REPORT-20260623-121846.md","03-GENERATE-STATUS-REPORT.ps1","jep_edmundrulz"
"2026-06-23 12:58:17","Task updated","PASS","TASK-0001 updated to COMPLETED","02-ADD-PROGRESS-UPDATE.ps1","jep_edmundrulz"
"2026-06-23 12:58:29","Health check executed","PASS","C:\Users\jep_edmundrulz\litigation-360-workspace\litigation-360-software\_LEOS_CONTROL\PMO_TRACKING\13_HEALTH_CHECKS\HEALTH-CHECK-20260623-125829.md","04-HEALTH-CHECK.ps1","jep_edmundrulz"
"2026-06-23 12:58:33","Dashboard updated","PASS","C:\Users\jep_edmundrulz\litigation-360-workspace\litigation-360-software\_LEOS_CONTROL\PMO_TRACKING\00_DASHBOARD\DASHBOARD.md","06-UPDATE-DASHBOARD.ps1","jep_edmundrulz"
"2026-06-23 12:58:33","Status report generated","PASS","C:\Users\jep_edmundrulz\litigation-360-workspace\litigation-360-software\_LEOS_CONTROL\PMO_TRACKING\02_REPORTS\STATUS-REPORT-20260623-125833.md","03-GENERATE-STATUS-REPORT.ps1","jep_edmundrulz"
"2026-06-23 13:04:24","Patch 12.0A-P1 applied","PASS","Fixed performance monitor CPU sorting and improved master run failure detection.","PATCH-12.0A-P1","jep_edmundrulz"
"2026-06-23 13:04:40","Health check executed","PASS","C:\Users\jep_edmundrulz\litigation-360-workspace\litigation-360-software\_LEOS_CONTROL\PMO_TRACKING\13_HEALTH_CHECKS\HEALTH-CHECK-20260623-130440.md","04-HEALTH-CHECK.ps1","jep_edmundrulz"
"2026-06-23 13:04:42","Performance monitor executed","PASS","C:\Users\jep_edmundrulz\litigation-360-workspace\litigation-360-software\_LEOS_CONTROL\PMO_TRACKING\13_HEALTH_CHECKS\PERFORMANCE-MONITOR-20260623-130441.csv","05-PERFORMANCE-MONITOR.ps1","jep_edmundrulz"
"2026-06-23 13:04:42","Dashboard updated","PASS","C:\Users\jep_edmundrulz\litigation-360-workspace\litigation-360-software\_LEOS_CONTROL\PMO_TRACKING\00_DASHBOARD\DASHBOARD.md","06-UPDATE-DASHBOARD.ps1","jep_edmundrulz"
"2026-06-23 13:04:43","Status report generated","PASS","C:\Users\jep_edmundrulz\litigation-360-workspace\litigation-360-software\_LEOS_CONTROL\PMO_TRACKING\02_REPORTS\STATUS-REPORT-20260623-130443.md","03-GENERATE-STATUS-REPORT.ps1","jep_edmundrulz"
