"Area","Requirement","Status","Evidence"
"Prior Completion","Final readiness audit folder exists or created","PASS","C:\Users\jep_edmundrulz\litigation-360-workspace\litigation-360-software\_operations\phase-10ZZ-final-readiness-audit"
"Prior Completion","Master governance verification exists","PASS","_operations\phase-10ZZ-master-governance-verification\reports\PHASE-10ZZ-MASTER-GOVERNANCE-VERIFICATION-REPORT.md"
"Prior Completion","Master governance verification PASS VERIFIED","PASS","_operations\phase-10ZZ-master-governance-verification\reports\PHASE-10ZZ-MASTER-GOVERNANCE-VERIFICATION-REPORT.md"
"SOP Governance","21 SOP files exist","PASS","SOP Count: 21"
"SOP Governance","Master SOP registry exists","PASS","_operations\phase-10ZZ1A-enterprise-sop-library\registry\MASTER-SOP-LIBRARY-INDEX.md"
"SOP Governance","SOP ownership matrix exists","PASS","_operations\phase-10ZZ1A-enterprise-sop-library\matrices\SOP-OWNERSHIP-MATRIX.md"
"Validation Governance","Validation report PASS VERIFIED","PASS","_operations\phase-10ZZ2-validation-governance-audit\reports\PHASE-10ZZ2-VALIDATION-GOVERNANCE-AUDIT-REPORT.md"
"Validation Governance","Master validation registry exists","PASS","_operations\phase-10ZZ2-validation-governance-audit\registry\MASTER-VALIDATION-REGISTRY.md"
"Validation Governance","Validation coverage matrix exists","PASS","_operations\phase-10ZZ2-validation-governance-audit\matrices\VALIDATION-COVERAGE-MATRIX.md"
"Validation Governance","Validation ownership matrix exists","PASS","_operations\phase-10ZZ2-validation-governance-audit\matrices\VALIDATION-OWNERSHIP-MATRIX.md"
"Testing Governance","Testing report PASS VERIFIED","PASS","_operations\phase-10ZZ3-testing-governance-audit\reports\PHASE-10ZZ3-TESTING-GOVERNANCE-AUDIT-REPORT.md"
"Testing Governance","Testing validation result PASS","PASS","_operations\phase-10ZZ3-testing-governance-audit\validation\PHASE-10ZZ3-VALIDATION-RESULT.md"
"Testing Governance","Master test registry exists","PASS","_operations\phase-10ZZ3-testing-governance-audit\registry\MASTER-TEST-REGISTRY.md"
"Testing Governance","Test coverage matrix exists","PASS","_operations\phase-10ZZ3-testing-governance-audit\matrices\TEST-COVERAGE-MATRIX.md"
"Testing Governance","Test ownership matrix exists","PASS","_operations\phase-10ZZ3-testing-governance-audit\matrices\TEST-OWNERSHIP-MATRIX.md"
"10ZZ.4 Governance Recovery","10ZZ.4 governance recovery evidence exists","PASS","Evidence Files: 16"
"10ZZ.4 Governance Recovery","10ZZ.4 PASS evidence exists","PASS","PASS Evidence Files: 8"
"Gap Analysis","No unresolved REVIEW/VERIFY/PENDING/FAILED markers in Phase 10ZZ evidence","REVIEW","Unresolved Markers: 75"
"Dependency Check","SOP governance complete before final audit","PASS","10ZZ1A"
"Dependency Check","Validation governance complete before final audit","PASS","10ZZ.2"
"Dependency Check","Testing governance complete before final audit","PASS","10ZZ.3"
"Dependency Check","Governance recovery complete before final audit","PASS","10ZZ.4"
